sha256,canonical_path,canonical_source,duplicate_path,label,source
d645d19770ca6d288a31cc6ea6d516201604e24b092fcdc2edb69e6ebc91fb32,dataset/images/lab/Auto_cropped/maclura_pomifera/pi2235-01-1.jpg,lab,dataset/images/lab/Auto_cropped/maclura_pomifera/pi2235-01-1-828.jpg,maclura_pomifera,lab
5e2d174e9379c0da2e8ae1e988f2e131c050dfec49e051665314ba740bf36287,dataset/images/lab/Auto_cropped/maclura_pomifera/pi2235-01-2.jpg,lab,dataset/images/lab/Auto_cropped/maclura_pomifera/pi2235-01-2-678.jpg,maclura_pomifera,lab
139ec657d088d84c8a54f1904d3b52317e5b01b007f7342863316918840ae1d2,dataset/images/lab/Auto_cropped/maclura_pomifera/pi2235-01-3.jpg,lab,dataset/images/lab/Auto_cropped/maclura_pomifera/pi2235-01-3-317.jpg,maclura_pomifera,lab
5502bf9495d2461510e617c76d350fac7eabbe0c9072795bd559f4cee85edfe9,dataset/images/lab/Auto_cropped/maclura_pomifera/pi2235-01-4.jpg,lab,dataset/images/lab/Auto_cropped/maclura_pomifera/pi2235-01-4-864.jpg,maclura_pomifera,lab
6a4d9bb11291a34862b6dabd73b1f43388d0e19039dd12e374e261009503abdd,dataset/images/lab/Auto_cropped/maclura_pomifera/pi2235-02-1.jpg,lab,dataset/images/lab/Auto_cropped/maclura_pomifera/pi2235-02-1-188.jpg,maclura_pomifera,lab
5524fcb953840f8e87c5c9e3b9674ad950ffaf97160d8e86e372a8d88add65cd,dataset/images/lab/Auto_cropped/maclura_pomifera/pi2235-02-2.jpg,lab,dataset/images/lab/Auto_cropped/maclura_pomifera/pi2235-02-2-378.jpg,maclura_pomifera,lab
2a6e5f16f07324892f621460a62fa690448fc38078cdbb8afee402dca6871019,dataset/images/lab/Auto_cropped/maclura_pomifera/pi2235-02-3.jpg,lab,dataset/images/lab/Auto_cropped/maclura_pomifera/pi2235-02-3-860.jpg,maclura_pomifera,lab
28cf89d193f9dfe1d352aa6a4cc5f27a1ed60f511ae6f2434dc1e1743b3a295b,dataset/images/lab/Auto_cropped/maclura_pomifera/pi2235-02-4.jpg,lab,dataset/images/lab/Auto_cropped/maclura_pomifera/pi2235-02-4-768.jpg,maclura_pomifera,lab
585f483b1449d16ded58ae6af71949278c47afd838176c3f75b02df988ae21b3,dataset/images/lab/Auto_cropped/maclura_pomifera/pi2235-03-1.jpg,lab,dataset/images/lab/Auto_cropped/maclura_pomifera/pi2235-03-1-272.jpg,maclura_pomifera,lab
c7ae326c50496f3566e97cb66c8b4b1679bf8756bba126017f98f936f44c7bca,dataset/images/lab/Auto_cropped/maclura_pomifera/pi2235-03-2.jpg,lab,dataset/images/lab/Auto_cropped/maclura_pomifera/pi2235-03-2-170.jpg,maclura_pomifera,lab
49a48a21b6328a604c28bde6c148ef7da00484b2d5eb33405360f3fe8419d290,dataset/images/lab/Auto_cropped/maclura_pomifera/pi2235-03-3.jpg,lab,dataset/images/lab/Auto_cropped/maclura_pomifera/pi2235-03-3-142.jpg,maclura_pomifera,lab
9d58cc9b000ae5e82962f53fa6ce00ed67bda9d5b8a8076bffdab8ad84a07e44,dataset/images/lab/Auto_cropped/maclura_pomifera/pi2235-03-4.jpg,lab,dataset/images/lab/Auto_cropped/maclura_pomifera/pi2235-03-4-689.jpg,maclura_pomifera,lab
0c9dc29d13e6ab6c9f13e6e29941a779ff319f8c8a9d1c51b70c1601a03a4952,dataset/images/lab/Auto_cropped/maclura_pomifera/pi2235-04-1.jpg,lab,dataset/images/lab/Auto_cropped/maclura_pomifera/pi2235-04-1-035.jpg,maclura_pomifera,lab
f04bc1479726f8d6e52065a002bb22b76e35856ec1fbd00408256b2b31b6723f,dataset/images/lab/Auto_cropped/maclura_pomifera/pi2235-04-2.jpg,lab,dataset/images/lab/Auto_cropped/maclura_pomifera/pi2235-04-2-364.jpg,maclura_pomifera,lab
890078c83cb7c3b0f9a1ae21d5e7d03734ef516b9fc28574d0ac1df2aebac14b,dataset/images/lab/Auto_cropped/maclura_pomifera/pi2235-04-3.jpg,lab,dataset/images/lab/Auto_cropped/maclura_pomifera/pi2235-04-3-054.jpg,maclura_pomifera,lab
022370f9a36bcbad73e7d92be67a5b37cb353f7363fea532ab15a0d5e2bcc2bc,dataset/images/lab/Auto_cropped/maclura_pomifera/pi2235-04-4.jpg,lab,dataset/images/lab/Auto_cropped/maclura_pomifera/pi2235-04-4-659.jpg,maclura_pomifera,lab
b5a4ae5d566baf9a62f20367728aed9bccab6d379749654b3dc479730f1f466c,dataset/images/lab/Auto_cropped/maclura_pomifera/pi2235-05-1.jpg,lab,dataset/images/lab/Auto_cropped/maclura_pomifera/pi2235-05-1-437.jpg,maclura_pomifera,lab
6e8573a80fe7ea68cfcda1c52299ecdeebce1eb6e200e273aef0bee909ddafff,dataset/images/lab/Auto_cropped/maclura_pomifera/pi2235-05-2.jpg,lab,dataset/images/lab/Auto_cropped/maclura_pomifera/pi2235-05-2-048.jpg,maclura_pomifera,lab
125a7a9989446d487ffccc08286320bc658a24f1c644beca57c75192d8718df6,dataset/images/lab/Auto_cropped/maclura_pomifera/pi2235-05-3.jpg,lab,dataset/images/lab/Auto_cropped/maclura_pomifera/pi2235-05-3-505.jpg,maclura_pomifera,lab
e281c5dd6dd02d0d8fef7670b3a9d0c68522674877c5e2c3376515e5d92d3fc2,dataset/images/lab/Auto_cropped/maclura_pomifera/pi2235-05-4.jpg,lab,dataset/images/lab/Auto_cropped/maclura_pomifera/pi2235-05-4-554.jpg,maclura_pomifera,lab
130c124cedf4cd2fa3a2f4948ef54f3c3191073ce56e8c4b72124c57cd0b0181,dataset/images/lab/Auto_cropped/maclura_pomifera/pi2235-06-1.jpg,lab,dataset/images/lab/Auto_cropped/maclura_pomifera/pi2235-06-1-837.jpg,maclura_pomifera,lab
6d2ca1b9523f9a37933ee6a56b1d4a8040240b26e79eb5ef72e1a9e07ad1c797,dataset/images/lab/Auto_cropped/maclura_pomifera/pi2235-06-2.jpg,lab,dataset/images/lab/Auto_cropped/maclura_pomifera/pi2235-06-2-631.jpg,maclura_pomifera,lab
ca52b65d841c636a43cf6df03a467ab1fbccf6b0789a14f647bcb9e7aedb9c6e,dataset/images/lab/Auto_cropped/maclura_pomifera/pi2235-06-3.jpg,lab,dataset/images/lab/Auto_cropped/maclura_pomifera/pi2235-06-3-852.jpg,maclura_pomifera,lab
81d4d13af7681d03a0e0e39628a177a18a5fcd24b33e33a543025b33d3481cd1,dataset/images/lab/Auto_cropped/maclura_pomifera/pi2235-06-4.jpg,lab,dataset/images/lab/Auto_cropped/maclura_pomifera/pi2235-06-4-706.jpg,maclura_pomifera,lab
a1f91b0d1e2f2b7a5bc0d72b1308c2d487d8a5759fa19ec7e37e70c43f20a670,dataset/images/lab/Auto_cropped/maclura_pomifera/pi2235-07-1.jpg,lab,dataset/images/lab/Auto_cropped/maclura_pomifera/pi2235-07-1-065.jpg,maclura_pomifera,lab
3b43fb8e8664ed1f0f0bf1670bbbdfcc8e6e5b254b33c0011e3ef1b750058f53,dataset/images/lab/Auto_cropped/maclura_pomifera/pi2235-07-2.jpg,lab,dataset/images/lab/Auto_cropped/maclura_pomifera/pi2235-07-2-519.jpg,maclura_pomifera,lab
9b944fdb17e58bc80cfee3fe2fbb5f84e0ba331a6a51ae55b446ffa519942704,dataset/images/lab/Auto_cropped/maclura_pomifera/pi2235-07-3.jpg,lab,dataset/images/lab/Auto_cropped/maclura_pomifera/pi2235-07-3-676.jpg,maclura_pomifera,lab
f06fc87f426390bc07145cff0709073dac12ba97ac111ce55cdf968aabd7571e,dataset/images/lab/Auto_cropped/maclura_pomifera/pi2235-07-4.jpg,lab,dataset/images/lab/Auto_cropped/maclura_pomifera/pi2235-07-4-471.jpg,maclura_pomifera,lab
f44f61766b5f4c1d32c1dbd53c34cfbc361af08806136595c1bf4a29021c669d,dataset/images/lab/Auto_cropped/maclura_pomifera/pi2235-08-1.jpg,lab,dataset/images/lab/Auto_cropped/maclura_pomifera/pi2235-08-1-730.jpg,maclura_pomifera,lab
970bbf3c5511c19d274a3f0a243a8855457400b0cf693598de012ef4f4e42711,dataset/images/lab/Auto_cropped/maclura_pomifera/pi2235-08-2.jpg,lab,dataset/images/lab/Auto_cropped/maclura_pomifera/pi2235-08-2-165.jpg,maclura_pomifera,lab
89f961f1e823491682f12bd5e579fe59cb8b9cf5d8202d0599492706508fd977,dataset/images/lab/Auto_cropped/maclura_pomifera/pi2235-08-3.jpg,lab,dataset/images/lab/Auto_cropped/maclura_pomifera/pi2235-08-3-662.jpg,maclura_pomifera,lab
ff1c71c66e7504ec83b076571691968ece539b8880470975af252333f7526e30,dataset/images/lab/Auto_cropped/maclura_pomifera/pi2235-08-4.jpg,lab,dataset/images/lab/Auto_cropped/maclura_pomifera/pi2235-08-4-565.jpg,maclura_pomifera,lab
0f2a19c92c1e7981c37e0d452b37f58217552e06fc97190bd6f525d2fbb03fae,dataset/images/lab/Auto_cropped/maclura_pomifera/pi2235-09-1.jpg,lab,dataset/images/lab/Auto_cropped/maclura_pomifera/pi2235-09-1-826.jpg,maclura_pomifera,lab
55426ff96329b34d6cbe86d3e14af78f3f157ec05f029a8ebf36994a558eba71,dataset/images/lab/Auto_cropped/maclura_pomifera/pi2235-09-2.jpg,lab,dataset/images/lab/Auto_cropped/maclura_pomifera/pi2235-09-2-671.jpg,maclura_pomifera,lab
afe5d16e98b1695f48f7fcbb08ed217fd985643ebc23c7298b5619d5db0a05da,dataset/images/lab/Auto_cropped/maclura_pomifera/pi2235-09-3.jpg,lab,dataset/images/lab/Auto_cropped/maclura_pomifera/pi2235-09-3-024.jpg,maclura_pomifera,lab
d7cc6253bef69394675e2a4a4f953300dc339457208bc19de4d329222186865a,dataset/images/lab/Auto_cropped/maclura_pomifera/pi2235-09-4.jpg,lab,dataset/images/lab/Auto_cropped/maclura_pomifera/pi2235-09-4-478.jpg,maclura_pomifera,lab
6b0803e342260fda8d57ce4e666abd873108ccd8f541ac746d293d93b6ac4047,dataset/images/lab/Auto_cropped/maclura_pomifera/pi2235-10-1.jpg,lab,dataset/images/lab/Auto_cropped/maclura_pomifera/pi2235-10-1-466.jpg,maclura_pomifera,lab
e985f382b38de34d2eb054bf060d19aac43eb9a94ee8d2496eb6e4f0019d2a8a,dataset/images/lab/Auto_cropped/maclura_pomifera/pi2235-10-2.jpg,lab,dataset/images/lab/Auto_cropped/maclura_pomifera/pi2235-10-2-314.jpg,maclura_pomifera,lab
6851c1656f01a9f2cceb658716e414ee1e49b3865cf25e41236d5684f4210cea,dataset/images/lab/Auto_cropped/maclura_pomifera/pi2235-10-3.jpg,lab,dataset/images/lab/Auto_cropped/maclura_pomifera/pi2235-10-3-626.jpg,maclura_pomifera,lab
017abf0990ee4760cc68b24ea91c11081c81e7773e25284e4af0eed006875e3c,dataset/images/lab/Auto_cropped/maclura_pomifera/pi2235-10-4.jpg,lab,dataset/images/lab/Auto_cropped/maclura_pomifera/pi2235-10-4-920.jpg,maclura_pomifera,lab
2e9555c95a73ab42b14ae3e08050175a21546aec6cba1b6912b944bf617a145d,dataset/images/lab/Auto_cropped/maclura_pomifera/pi2235-11-1.jpg,lab,dataset/images/lab/Auto_cropped/maclura_pomifera/pi2235-11-1-006.jpg,maclura_pomifera,lab
f3a21f1073ed19690a0fb576b114a2636b9a69ea72fb6486637165f4cf25cf1d,dataset/images/lab/Auto_cropped/maclura_pomifera/pi2235-11-2.jpg,lab,dataset/images/lab/Auto_cropped/maclura_pomifera/pi2235-11-2-320.jpg,maclura_pomifera,lab
84bfc07155abcee19a2af1276f4817eb9ce51f38883338ab4b0cbaa5579df364,dataset/images/lab/Auto_cropped/maclura_pomifera/pi2235-11-3.jpg,lab,dataset/images/lab/Auto_cropped/maclura_pomifera/pi2235-11-3-892.jpg,maclura_pomifera,lab
17b112e1e8298e62ecc3e4a617056d4a9a4821173c7b86591472610b8f552076,dataset/images/lab/Auto_cropped/maclura_pomifera/pi2235-11-4.jpg,lab,dataset/images/lab/Auto_cropped/maclura_pomifera/pi2235-11-4-308.jpg,maclura_pomifera,lab
82afb37bf06358524433009c18c36ec1e39f689de09bb66a02b38522b0b14580,dataset/images/lab/Auto_cropped/maclura_pomifera/pi2235-12-1.jpg,lab,dataset/images/lab/Auto_cropped/maclura_pomifera/pi2235-12-1-606.jpg,maclura_pomifera,lab
7e8ca3c203028a9bb742936ccb6dd21c250ce7078065f416e964702c9cff24b0,dataset/images/lab/Auto_cropped/maclura_pomifera/pi2235-12-2.jpg,lab,dataset/images/lab/Auto_cropped/maclura_pomifera/pi2235-12-2-835.jpg,maclura_pomifera,lab
93994702b84757fbebec56662e6d4073cfbe8dadb311945bdf6aab8a34c3d405,dataset/images/lab/Auto_cropped/maclura_pomifera/pi2235-12-3.jpg,lab,dataset/images/lab/Auto_cropped/maclura_pomifera/pi2235-12-3-995.jpg,maclura_pomifera,lab
b878bd52d4e70bd2c49e282f54f7db63adee5e508b2198476f6c8988fdd63047,dataset/images/lab/Auto_cropped/maclura_pomifera/pi2235-12-4.jpg,lab,dataset/images/lab/Auto_cropped/maclura_pomifera/pi2235-12-4-431.jpg,maclura_pomifera,lab
ff80b6fc2b1f67305fa8a39110d79f0d0a551c32b76925a57e6e7729de6cef51,dataset/images/lab/Auto_cropped/maclura_pomifera/pi2719-01-1.jpg,lab,dataset/images/lab/Auto_cropped/maclura_pomifera/pi2719-01-1-576.jpg,maclura_pomifera,lab
c36468db07d6796d28cd5ad06973c89b582a62e55ec996eca4f9e2e9adbfba8d,dataset/images/lab/Auto_cropped/maclura_pomifera/pi2719-01-2.jpg,lab,dataset/images/lab/Auto_cropped/maclura_pomifera/pi2719-01-2-700.jpg,maclura_pomifera,lab
a1fec83428940a759070d01f08f8132c89a1084dd16fc11d7fd0de2d3e472f5b,dataset/images/lab/Auto_cropped/maclura_pomifera/pi2719-01-3.jpg,lab,dataset/images/lab/Auto_cropped/maclura_pomifera/pi2719-01-3-219.jpg,maclura_pomifera,lab
8b66b99b92a1c0f4d2b825fef1c9c4f035af4263afffb358cf4498b935604fc6,dataset/images/lab/Auto_cropped/maclura_pomifera/pi2719-01-4.jpg,lab,dataset/images/lab/Auto_cropped/maclura_pomifera/pi2719-01-4-868.jpg,maclura_pomifera,lab
82801cc420a050a51bcc6a0e251461d671bff445140d17e58651042cf6061612,dataset/images/lab/Auto_cropped/maclura_pomifera/pi2719-02-1.jpg,lab,dataset/images/lab/Auto_cropped/maclura_pomifera/pi2719-02-1-321.jpg,maclura_pomifera,lab
2b406ef5c0a90693d8a718afdf30d7e000a4d274c3aa96f349d2fe1c9495f197,dataset/images/lab/Auto_cropped/maclura_pomifera/pi2719-02-2.jpg,lab,dataset/images/lab/Auto_cropped/maclura_pomifera/pi2719-02-2-933.jpg,maclura_pomifera,lab
c6d0264cb48aca56fc8abe986359e9247b9aa8f5dbadd861eae2b95a62a2c0de,dataset/images/lab/Auto_cropped/maclura_pomifera/pi2719-02-3.jpg,lab,dataset/images/lab/Auto_cropped/maclura_pomifera/pi2719-02-3-659.jpg,maclura_pomifera,lab
38ae913ca71cb6d542ff1003af8fce7294e9780208d5bc960793aa2c70e79df3,dataset/images/lab/Auto_cropped/maclura_pomifera/pi2719-02-4.jpg,lab,dataset/images/lab/Auto_cropped/maclura_pomifera/pi2719-02-4-618.jpg,maclura_pomifera,lab
16bb9c5ce3fed8d9592bc1f3ea02e6adec5d50159d02b17691404cf046257d90,dataset/images/lab/Auto_cropped/maclura_pomifera/pi2719-03-1.jpg,lab,dataset/images/lab/Auto_cropped/maclura_pomifera/pi2719-03-1-295.jpg,maclura_pomifera,lab
e5788cd711b83e508f6581c98a5c2ad721a1700bc7453c3f5bedc4549a5ea989,dataset/images/lab/Auto_cropped/maclura_pomifera/pi2719-03-2.jpg,lab,dataset/images/lab/Auto_cropped/maclura_pomifera/pi2719-03-2-956.jpg,maclura_pomifera,lab
59df141cf890601ddf16870cb2b6a557a7017773c0bff1280f0f84ea846c30c1,dataset/images/lab/Auto_cropped/maclura_pomifera/pi2719-03-3.jpg,lab,dataset/images/lab/Auto_cropped/maclura_pomifera/pi2719-03-3-357.jpg,maclura_pomifera,lab
789623638c98a47cd58c60277691c2c6fb185bc9b90b5debdde2fd1144f24321,dataset/images/lab/Auto_cropped/maclura_pomifera/pi2719-03-4.jpg,lab,dataset/images/lab/Auto_cropped/maclura_pomifera/pi2719-03-4-890.jpg,maclura_pomifera,lab
5e3b4408f146917815b12e654e7d2bbd2f4667af75a8b2cc47feabead1887550,dataset/images/lab/Auto_cropped/maclura_pomifera/pi2719-04-1.jpg,lab,dataset/images/lab/Auto_cropped/maclura_pomifera/pi2719-04-1-522.jpg,maclura_pomifera,lab
51eeb7bb9bb67e4378162d4d26c235b7f69fc6e36996cc53937e98efca1169c6,dataset/images/lab/Auto_cropped/maclura_pomifera/pi2719-04-2.jpg,lab,dataset/images/lab/Auto_cropped/maclura_pomifera/pi2719-04-2-867.jpg,maclura_pomifera,lab
d5733b286fe3f5b3f220fbfcd447b769d7d3dd4852b7db1e572819dafca9a828,dataset/images/lab/Auto_cropped/maclura_pomifera/pi2719-04-3.jpg,lab,dataset/images/lab/Auto_cropped/maclura_pomifera/pi2719-04-3-673.jpg,maclura_pomifera,lab
435d512d84a037b253150a2895ffb1c0d5e5bad8329caca31a45d4badaf26026,dataset/images/lab/Auto_cropped/maclura_pomifera/pi2719-04-4.jpg,lab,dataset/images/lab/Auto_cropped/maclura_pomifera/pi2719-04-4-679.jpg,maclura_pomifera,lab
ba50ad902ed8737b35bf96f05e8c28f20ae614d9c76c60a36945ba88cc7607fb,dataset/images/lab/Auto_cropped/maclura_pomifera/pi2719-05-1.jpg,lab,dataset/images/lab/Auto_cropped/maclura_pomifera/pi2719-05-1-248.jpg,maclura_pomifera,lab
d9a5a3b2693896388421e32f537887319baa92c1a43e6dc802ed0223cfb2d125,dataset/images/lab/Auto_cropped/maclura_pomifera/pi2719-05-2.jpg,lab,dataset/images/lab/Auto_cropped/maclura_pomifera/pi2719-05-2-628.jpg,maclura_pomifera,lab
efd4383799048d83440e8466fcfe8d01785b1de71277b85bfb425ebc4b32031b,dataset/images/lab/Auto_cropped/maclura_pomifera/pi2719-05-3.jpg,lab,dataset/images/lab/Auto_cropped/maclura_pomifera/pi2719-05-3-263.jpg,maclura_pomifera,lab
84ac69c9b649a1019bb28ede3e14ab499a8610efbaa7c383fd66ed79d72496cc,dataset/images/lab/Auto_cropped/maclura_pomifera/pi2719-05-4.jpg,lab,dataset/images/lab/Auto_cropped/maclura_pomifera/pi2719-05-4-654.jpg,maclura_pomifera,lab
4df34bc44ef6935e200daad266d81bb69afd743096f9ac6dd9295621e2a8dda5,dataset/images/lab/Auto_cropped/maclura_pomifera/pi2719-06-1.jpg,lab,dataset/images/lab/Auto_cropped/maclura_pomifera/pi2719-06-1-831.jpg,maclura_pomifera,lab
b7213b4c4762e4b3918032c890d1992424d8e6f7838eaa8dd041e87b27268814,dataset/images/lab/Auto_cropped/maclura_pomifera/pi2719-06-2.jpg,lab,dataset/images/lab/Auto_cropped/maclura_pomifera/pi2719-06-2-452.jpg,maclura_pomifera,lab
172a60f9776bcc37a07895759bea5df3a0fb4903b470255ddf582e234eaf3c36,dataset/images/lab/Auto_cropped/maclura_pomifera/pi2719-06-3.jpg,lab,dataset/images/lab/Auto_cropped/maclura_pomifera/pi2719-06-3-658.jpg,maclura_pomifera,lab
79b12b6c5cadc20cf85f6a3c8890b77b294f8f7cfb00b8f00fba95c172039401,dataset/images/lab/Auto_cropped/maclura_pomifera/pi2719-06-4.jpg,lab,dataset/images/lab/Auto_cropped/maclura_pomifera/pi2719-06-4-506.jpg,maclura_pomifera,lab
6f5a15a7cc382e6c16461d2cb5790028581aa7fb735f7a494c3a415a7094df82,dataset/images/lab/Auto_cropped/maclura_pomifera/pi2719-07-1.jpg,lab,dataset/images/lab/Auto_cropped/maclura_pomifera/pi2719-07-1-087.jpg,maclura_pomifera,lab
5ccb80a05151df7adc43a430c91f7083bd40020c03196c0609dc1369f1de76a3,dataset/images/lab/Auto_cropped/maclura_pomifera/pi2719-07-2.jpg,lab,dataset/images/lab/Auto_cropped/maclura_pomifera/pi2719-07-2-360.jpg,maclura_pomifera,lab
63745afc524cbcfe3c173b81f4bf9e6abd2bdc454418fd429fbb8be50b3fcdca,dataset/images/lab/Auto_cropped/maclura_pomifera/pi2719-07-3.jpg,lab,dataset/images/lab/Auto_cropped/maclura_pomifera/pi2719-07-3-891.jpg,maclura_pomifera,lab
2605b01577a7d47d8e4f9f8de6d2ac3d6a35bd7463fd8c72fbffd0f08a114281,dataset/images/lab/Auto_cropped/maclura_pomifera/pi2719-07-4.jpg,lab,dataset/images/lab/Auto_cropped/maclura_pomifera/pi2719-07-4-217.jpg,maclura_pomifera,lab
8c06b17384bc122b193ea1915f21ac6e8941dba930037337775a8683ba50a84c,dataset/images/lab/Auto_cropped/maclura_pomifera/pi2719-08-1.jpg,lab,dataset/images/lab/Auto_cropped/maclura_pomifera/pi2719-08-1-049.jpg,maclura_pomifera,lab
8db11f6a8ffe9bbf06a714e618eefca57e8a5b8f8da39f52926d7d641f5a187d,dataset/images/lab/Auto_cropped/maclura_pomifera/pi2719-08-2.jpg,lab,dataset/images/lab/Auto_cropped/maclura_pomifera/pi2719-08-2-347.jpg,maclura_pomifera,lab
f99b040766303573ee8c2660aee012f7709998c7032d2d08978f55b41bb8a0d4,dataset/images/lab/Auto_cropped/maclura_pomifera/pi2719-08-3.jpg,lab,dataset/images/lab/Auto_cropped/maclura_pomifera/pi2719-08-3-736.jpg,maclura_pomifera,lab
8d09fa20d2336a1c9bdfc643c63b3f1bc804e581e05866ec37e56e5bdb91932a,dataset/images/lab/Auto_cropped/maclura_pomifera/pi2719-08-4.jpg,lab,dataset/images/lab/Auto_cropped/maclura_pomifera/pi2719-08-4-844.jpg,maclura_pomifera,lab
7746600f31bd5fff490ad6d908047d64d2f4a66cce879e79cacd72b33e86a1f7,dataset/images/lab/Auto_cropped/maclura_pomifera/pi2719-09-1.jpg,lab,dataset/images/lab/Auto_cropped/maclura_pomifera/pi2719-09-1-362.jpg,maclura_pomifera,lab
33b04d73a6050807c31d342c8ccb4d9481e4d2e1a0f0675df531aaef25f6c61e,dataset/images/lab/Auto_cropped/maclura_pomifera/pi2719-09-2.jpg,lab,dataset/images/lab/Auto_cropped/maclura_pomifera/pi2719-09-2-566.jpg,maclura_pomifera,lab
17f8fd8c4924217cf56b3616b8e4b566b2e9272fb215283e4ef46ba0f87ddfb5,dataset/images/lab/Auto_cropped/maclura_pomifera/pi2719-09-3.jpg,lab,dataset/images/lab/Auto_cropped/maclura_pomifera/pi2719-09-3-911.jpg,maclura_pomifera,lab
09ced10beb968dc41cf2854756e7b1435ef3bba52fac876887366f7e1b217ed7,dataset/images/lab/Auto_cropped/maclura_pomifera/pi2719-09-4.jpg,lab,dataset/images/lab/Auto_cropped/maclura_pomifera/pi2719-09-4-726.jpg,maclura_pomifera,lab
6c1bd667d6aefc4ee2aee9c158a5506e4c4e7f4cdfafca4b0c921617c221057d,dataset/images/lab/Auto_cropped/maclura_pomifera/pi2719-10-1.jpg,lab,dataset/images/lab/Auto_cropped/maclura_pomifera/pi2719-10-1-951.jpg,maclura_pomifera,lab
1626c6cf91514f4b43ac365b21607d68cad15150c480116e39e987be5ab2018b,dataset/images/lab/Auto_cropped/maclura_pomifera/pi2719-10-2.jpg,lab,dataset/images/lab/Auto_cropped/maclura_pomifera/pi2719-10-2-802.jpg,maclura_pomifera,lab
aedac36b90d3e92a49348554b8c25787e0a69efaa70bb0e6cf0d24393a6b8309,dataset/images/lab/Auto_cropped/maclura_pomifera/pi2719-10-3.jpg,lab,dataset/images/lab/Auto_cropped/maclura_pomifera/pi2719-10-3-061.jpg,maclura_pomifera,lab
39acd90fec644db3f4b47bd4c0dbca027f9c88b2aa2a552386bb82485b10ae19,dataset/images/lab/Auto_cropped/maclura_pomifera/pi2719-10-4.jpg,lab,dataset/images/lab/Auto_cropped/maclura_pomifera/pi2719-10-4-388.jpg,maclura_pomifera,lab
bf5f386dba7f03a2a32dc84f2cc37b344a0b284996a2339011477e17e1a33c49,dataset/images/lab/Auto_cropped/maclura_pomifera/pi2719-11-1.jpg,lab,dataset/images/lab/Auto_cropped/maclura_pomifera/pi2719-11-1-149.jpg,maclura_pomifera,lab
b67eb13a4fae3b113b4970c447bb76b87576f794dd18cb8aaae92bf81e7032c0,dataset/images/lab/Auto_cropped/maclura_pomifera/pi2719-11-2.jpg,lab,dataset/images/lab/Auto_cropped/maclura_pomifera/pi2719-11-2-899.jpg,maclura_pomifera,lab
30675ceff38829cab6128401dae4c70261bbc801fb358f93965c613ecabf23e6,dataset/images/lab/Auto_cropped/maclura_pomifera/pi2719-11-3.jpg,lab,dataset/images/lab/Auto_cropped/maclura_pomifera/pi2719-11-3-230.jpg,maclura_pomifera,lab
8b73790b378cb360ac674ba1f873ab9531408c614dc625369990b5bc83567a42,dataset/images/lab/Auto_cropped/maclura_pomifera/pi2719-11-4.jpg,lab,dataset/images/lab/Auto_cropped/maclura_pomifera/pi2719-11-4-136.jpg,maclura_pomifera,lab
4adefd73ca02a7b43e5561f325a90c474bc2bd093524d96827d128e682ce6d2c,dataset/images/lab/Auto_cropped/maclura_pomifera/pi2719-12-1.jpg,lab,dataset/images/lab/Auto_cropped/maclura_pomifera/pi2719-12-1-935.jpg,maclura_pomifera,lab
14797fd4971ce8d11f159eb1b646da00402df0b33c54f58ccbf380f9892fcd72,dataset/images/lab/Auto_cropped/maclura_pomifera/pi2719-12-2.jpg,lab,dataset/images/lab/Auto_cropped/maclura_pomifera/pi2719-12-2-450.jpg,maclura_pomifera,lab
60373d6286a0b3cb8281ee86ccdeb3f816ec5ecef590d8a6ce28d9878ef7cf03,dataset/images/lab/Auto_cropped/maclura_pomifera/pi2719-12-3.jpg,lab,dataset/images/lab/Auto_cropped/maclura_pomifera/pi2719-12-3-110.jpg,maclura_pomifera,lab
653bf4af13b059a021f5a981fc2b401acc9b58544fea37e9a40e3bd62faf04f2,dataset/images/lab/Auto_cropped/maclura_pomifera/pi2719-12-4.jpg,lab,dataset/images/lab/Auto_cropped/maclura_pomifera/pi2719-12-4-177.jpg,maclura_pomifera,lab
3131658acde36ea5d1a2b53402bfb85aa8884006741598943dba1c8b8744911d,dataset/images/lab/Auto_cropped/maclura_pomifera/pi2774-01-1.jpg,lab,dataset/images/lab/Auto_cropped/maclura_pomifera/pi2774-01-1-129.jpg,maclura_pomifera,lab
b2129c36f8d538da9c38e29c91d0fd4822ab394632ea64dfaf65fd28fb64cf99,dataset/images/lab/Auto_cropped/maclura_pomifera/pi2774-01-2.jpg,lab,dataset/images/lab/Auto_cropped/maclura_pomifera/pi2774-01-2-347.jpg,maclura_pomifera,lab
5aa50a9b648e608f7474bab22b10b48f67fb39be07fd625a4178ef4bbc126226,dataset/images/lab/Auto_cropped/maclura_pomifera/pi2774-01-3.jpg,lab,dataset/images/lab/Auto_cropped/maclura_pomifera/pi2774-01-3-669.jpg,maclura_pomifera,lab
fa10ff189661ba56ffa76f132df3a6aed3dce1b78038bcb19705aa3c876f335e,dataset/images/lab/Auto_cropped/maclura_pomifera/pi2774-01-4.jpg,lab,dataset/images/lab/Auto_cropped/maclura_pomifera/pi2774-01-4-852.jpg,maclura_pomifera,lab
394b2305ede2f95110b2e358459e43aec261d31074ebfa3e0420a206b425a093,dataset/images/lab/Auto_cropped/maclura_pomifera/pi2774-02-1.jpg,lab,dataset/images/lab/Auto_cropped/maclura_pomifera/pi2774-02-1-769.jpg,maclura_pomifera,lab
e5636395e8d3316b5eef53a266a0e7d81afa3c9c6aac55e203eac951d9cc3225,dataset/images/lab/Auto_cropped/maclura_pomifera/pi2774-02-2.jpg,lab,dataset/images/lab/Auto_cropped/maclura_pomifera/pi2774-02-2-150.jpg,maclura_pomifera,lab
0e7f86fa3666fe1c697baff6d18f10a6093d811d836a7de2c53af620f6a3fbc4,dataset/images/lab/Auto_cropped/maclura_pomifera/pi2774-02-3.jpg,lab,dataset/images/lab/Auto_cropped/maclura_pomifera/pi2774-02-3-692.jpg,maclura_pomifera,lab
f716e5010d9d45744acd609f1d6a39468489c1f81c5799d564cb0e4a4fb0c8e0,dataset/images/lab/Auto_cropped/maclura_pomifera/pi2774-02-4.jpg,lab,dataset/images/lab/Auto_cropped/maclura_pomifera/pi2774-02-4-837.jpg,maclura_pomifera,lab
cb1347fd31e53a8b53a17d495cdc138dee69323f4bf06b5faeab56cc373cfe78,dataset/images/lab/Auto_cropped/maclura_pomifera/pi2774-03-1.jpg,lab,dataset/images/lab/Auto_cropped/maclura_pomifera/pi2774-03-1-838.jpg,maclura_pomifera,lab
b90e9a6b1297d6df672840e6ce804ac9dab6c4c964fb424150aac33c9e4509bc,dataset/images/lab/Auto_cropped/maclura_pomifera/pi2774-03-2.jpg,lab,dataset/images/lab/Auto_cropped/maclura_pomifera/pi2774-03-2-129.jpg,maclura_pomifera,lab
859748d7cc3d2d96b382cc71610e3654a70cf3fca7aa8bce00a6371ef330eb26,dataset/images/lab/Auto_cropped/maclura_pomifera/pi2774-03-3.jpg,lab,dataset/images/lab/Auto_cropped/maclura_pomifera/pi2774-03-3-058.jpg,maclura_pomifera,lab
d69fb2c05fe986cef3bd9ae0d07b5359851894047441418243c34837eb2085b6,dataset/images/lab/Auto_cropped/maclura_pomifera/pi2774-03-4.jpg,lab,dataset/images/lab/Auto_cropped/maclura_pomifera/pi2774-03-4-338.jpg,maclura_pomifera,lab
8c89bab7c38279ea1d265f9692e942c7363175e3a10d78e151cec1dae67932e0,dataset/images/lab/Auto_cropped/maclura_pomifera/pi2774-04-1.jpg,lab,dataset/images/lab/Auto_cropped/maclura_pomifera/pi2774-04-1-831.jpg,maclura_pomifera,lab
33ba6ccd1617dc44570a34640296df0d2292b2e3254ded9b32a56e9245720821,dataset/images/lab/Auto_cropped/maclura_pomifera/pi2774-04-2.jpg,lab,dataset/images/lab/Auto_cropped/maclura_pomifera/pi2774-04-2-025.jpg,maclura_pomifera,lab
d115d704c2918c2ccf8e77814fce8803dc9814c3e7ce63f63c0b3821de0ff534,dataset/images/lab/Auto_cropped/maclura_pomifera/pi2774-04-3.jpg,lab,dataset/images/lab/Auto_cropped/maclura_pomifera/pi2774-04-3-212.jpg,maclura_pomifera,lab
8aac9d4289f5cff031f991200f8cddf53cea6e2b4404bb11271b327c5dc62f63,dataset/images/lab/Auto_cropped/maclura_pomifera/pi2774-04-4.jpg,lab,dataset/images/lab/Auto_cropped/maclura_pomifera/pi2774-04-4-637.jpg,maclura_pomifera,lab
5958444c8ae60cec6f189d834a396ff4c124a92a0fad3d877f708e61334677f7,dataset/images/lab/Auto_cropped/maclura_pomifera/pi2774-05-1.jpg,lab,dataset/images/lab/Auto_cropped/maclura_pomifera/pi2774-05-1-486.jpg,maclura_pomifera,lab
adae174a055558a838011adcafb12f02b28a9f9b8fba86d26d8f7240afc6028d,dataset/images/lab/Auto_cropped/maclura_pomifera/pi2774-05-2.jpg,lab,dataset/images/lab/Auto_cropped/maclura_pomifera/pi2774-05-2-354.jpg,maclura_pomifera,lab
7b5625da1fa167917d7dbf4cba00c7d1f5d9134c2baf487bdc384a0456941390,dataset/images/lab/Auto_cropped/maclura_pomifera/pi2774-05-3.jpg,lab,dataset/images/lab/Auto_cropped/maclura_pomifera/pi2774-05-3-016.jpg,maclura_pomifera,lab
1b130d53c9f8077dbd3902393df2915f59d19eadb022089fd88ebc7757ecdf9d,dataset/images/lab/Auto_cropped/maclura_pomifera/pi2774-05-4.jpg,lab,dataset/images/lab/Auto_cropped/maclura_pomifera/pi2774-05-4-890.jpg,maclura_pomifera,lab
d42b8abf21427a82b232fbf8a5f154d5df113734947c9e3774f1500110c77b03,dataset/images/lab/Auto_cropped/maclura_pomifera/pi2774-06-1.jpg,lab,dataset/images/lab/Auto_cropped/maclura_pomifera/pi2774-06-1-258.jpg,maclura_pomifera,lab
8ff8442fcaff09e52fda9f510fcd243671dc068255d9ee362c949e5ea3bfbc7a,dataset/images/lab/Auto_cropped/maclura_pomifera/pi2774-06-2.jpg,lab,dataset/images/lab/Auto_cropped/maclura_pomifera/pi2774-06-2-911.jpg,maclura_pomifera,lab
1b1422edfaf6eba803d3ab901b72e048b72b11b0a49d54f3a3ca7cc163230c41,dataset/images/lab/Auto_cropped/maclura_pomifera/pi2774-06-3.jpg,lab,dataset/images/lab/Auto_cropped/maclura_pomifera/pi2774-06-3-096.jpg,maclura_pomifera,lab
5b91a2ca0740fd92b846050a5c0bf08eee9ebbf66c338763725e735a20c5c790,dataset/images/lab/Auto_cropped/maclura_pomifera/pi2774-06-4.jpg,lab,dataset/images/lab/Auto_cropped/maclura_pomifera/pi2774-06-4-737.jpg,maclura_pomifera,lab
542f5835d495952e652fede84ce01b57ee2a6902f6319aa861a9292989a1e3d2,dataset/images/lab/Auto_cropped/maclura_pomifera/pi2774-07-1.jpg,lab,dataset/images/lab/Auto_cropped/maclura_pomifera/pi2774-07-1-585.jpg,maclura_pomifera,lab
29ca705ee33cfe90c0672aec6dca93e93dd3e7446f947e5f91b2d7599c6d95e6,dataset/images/lab/Auto_cropped/maclura_pomifera/pi2774-07-2.jpg,lab,dataset/images/lab/Auto_cropped/maclura_pomifera/pi2774-07-2-024.jpg,maclura_pomifera,lab
eb9b825447c240043c277b67f9e6e5021d6e5257bbfca4f66ae10812edd27e31,dataset/images/lab/Auto_cropped/maclura_pomifera/pi2774-07-3.jpg,lab,dataset/images/lab/Auto_cropped/maclura_pomifera/pi2774-07-3-135.jpg,maclura_pomifera,lab
0d1f0498378a4e19695f075e7c5a5425dbe9e811e012214631b63a3705ce958a,dataset/images/lab/Auto_cropped/maclura_pomifera/pi2774-07-4.jpg,lab,dataset/images/lab/Auto_cropped/maclura_pomifera/pi2774-07-4-466.jpg,maclura_pomifera,lab
824c071911f0453d00071d02da8491b139d8a6c4cd040fc518724912e937f53c,dataset/images/lab/Auto_cropped/maclura_pomifera/pi2774-08-1.jpg,lab,dataset/images/lab/Auto_cropped/maclura_pomifera/pi2774-08-1-783.jpg,maclura_pomifera,lab
d6049454be49ae6b4de87e6f0d07375cb3afbdeb39071b4740194a59d64a9ef1,dataset/images/lab/Auto_cropped/maclura_pomifera/pi2774-08-2.jpg,lab,dataset/images/lab/Auto_cropped/maclura_pomifera/pi2774-08-2-721.jpg,maclura_pomifera,lab
c340344e733dbe8c6b92d1f9dfdb361edd51eb697d50fab052e5af34ceac8951,dataset/images/lab/Auto_cropped/maclura_pomifera/pi2774-08-3.jpg,lab,dataset/images/lab/Auto_cropped/maclura_pomifera/pi2774-08-3-895.jpg,maclura_pomifera,lab
944a213ce16d31b434fc0e20eca570deb04ae0de6e1595eff87053f33edc1a75,dataset/images/lab/Auto_cropped/maclura_pomifera/pi2774-08-4.jpg,lab,dataset/images/lab/Auto_cropped/maclura_pomifera/pi2774-08-4-734.jpg,maclura_pomifera,lab
1f5de11db34c59ba76d2d8b53c9b32ae8b88a7911e1e2f93d156f25c0ef20994,dataset/images/lab/Auto_cropped/maclura_pomifera/pi2774-09-1.jpg,lab,dataset/images/lab/Auto_cropped/maclura_pomifera/pi2774-09-1-361.jpg,maclura_pomifera,lab
6b7beb923f662b3bb20d0a673c39afe945306127d6070da18327d70c16b11624,dataset/images/lab/Auto_cropped/maclura_pomifera/pi2774-09-2.jpg,lab,dataset/images/lab/Auto_cropped/maclura_pomifera/pi2774-09-2-883.jpg,maclura_pomifera,lab
2154e0e1cf86d422bbad97f0bf7e28f6e886368855b39fc41cbb612d4e9b0886,dataset/images/lab/Auto_cropped/maclura_pomifera/pi2774-09-3.jpg,lab,dataset/images/lab/Auto_cropped/maclura_pomifera/pi2774-09-3-196.jpg,maclura_pomifera,lab
724ec6ed69d3ccba5e533d4b816ae0c9591e7b9eaf4ecf33285919a690c08026,dataset/images/lab/Auto_cropped/maclura_pomifera/pi2774-09-4.jpg,lab,dataset/images/lab/Auto_cropped/maclura_pomifera/pi2774-09-4-516.jpg,maclura_pomifera,lab
cb2dc5fc0f2dd2c68d0d0766be20ff58d362db9ee2b2fb611628d76aaf7e8b4c,dataset/images/lab/Auto_cropped/maclura_pomifera/pi2775-01-1.jpg,lab,dataset/images/lab/Auto_cropped/maclura_pomifera/pi2775-01-1-061.jpg,maclura_pomifera,lab
84d176be5a79b322b45f6807bb67e2d4f42ae99ff57eb2a01646aa0056b8b0c7,dataset/images/lab/Auto_cropped/maclura_pomifera/pi2775-01-2.jpg,lab,dataset/images/lab/Auto_cropped/maclura_pomifera/pi2775-01-2-480.jpg,maclura_pomifera,lab
d9af8377008c5c6fbd50cfa21812249d8958c0b023b05af0cb26769c51b63996,dataset/images/lab/Auto_cropped/maclura_pomifera/pi2775-01-3.jpg,lab,dataset/images/lab/Auto_cropped/maclura_pomifera/pi2775-01-3-375.jpg,maclura_pomifera,lab
b7c48cacb07effc52495b4c91027383c22c8524faa571cd14866a39932415c09,dataset/images/lab/Auto_cropped/maclura_pomifera/pi2775-01-4.jpg,lab,dataset/images/lab/Auto_cropped/maclura_pomifera/pi2775-01-4-810.jpg,maclura_pomifera,lab
d0ce17cea21e7ac3129d794d4e729b501dcefd172097ff87c0bfbb4dbf8b8b20,dataset/images/lab/Auto_cropped/maclura_pomifera/pi2775-02-1.jpg,lab,dataset/images/lab/Auto_cropped/maclura_pomifera/pi2775-02-1-321.jpg,maclura_pomifera,lab
0abce42a942091febfb657d9c841babce40e40144a79c730450aaceeabdcd1b6,dataset/images/lab/Auto_cropped/maclura_pomifera/pi2775-02-2.jpg,lab,dataset/images/lab/Auto_cropped/maclura_pomifera/pi2775-02-2-601.jpg,maclura_pomifera,lab
309dbf893419095730a17e1bdbea332e1e222029fbd6af45d93e148933efce0c,dataset/images/lab/Auto_cropped/maclura_pomifera/pi2775-02-3.jpg,lab,dataset/images/lab/Auto_cropped/maclura_pomifera/pi2775-02-3-042.jpg,maclura_pomifera,lab
df64fc0f1f3c4cde671284141b57c15d9b831b131a1a94363946abb5864c3815,dataset/images/lab/Auto_cropped/maclura_pomifera/pi2775-02-4.jpg,lab,dataset/images/lab/Auto_cropped/maclura_pomifera/pi2775-02-4-708.jpg,maclura_pomifera,lab
90af7b3797f4205588f35db3442cdf398fe33fff65f1c5f2e23b07d7c65e3b8a,dataset/images/lab/Auto_cropped/maclura_pomifera/pi2775-03-1.jpg,lab,dataset/images/lab/Auto_cropped/maclura_pomifera/pi2775-03-1-398.jpg,maclura_pomifera,lab
e10533223ac9fd98556b95960cfd4846892c6d6e771c9e46f252e2d22883b24e,dataset/images/lab/Auto_cropped/maclura_pomifera/pi2775-03-2.jpg,lab,dataset/images/lab/Auto_cropped/maclura_pomifera/pi2775-03-2-719.jpg,maclura_pomifera,lab
48ab09cf46bfeae75599a561e31aa1b223596a0fc4722efcd5514ae741d40b09,dataset/images/lab/Auto_cropped/maclura_pomifera/pi2775-03-3.jpg,lab,dataset/images/lab/Auto_cropped/maclura_pomifera/pi2775-03-3-456.jpg,maclura_pomifera,lab
38f76d704b7c9b7c7b2f4f612375e0faf61474a27ac5764b9768952c1e697806,dataset/images/lab/Auto_cropped/maclura_pomifera/pi2775-03-4.jpg,lab,dataset/images/lab/Auto_cropped/maclura_pomifera/pi2775-03-4-584.jpg,maclura_pomifera,lab
beaa05df3039629913a4aaa096e318c799661fab04b39454d649b72dd0c4d49f,dataset/images/lab/Auto_cropped/maclura_pomifera/pi2775-04-1.jpg,lab,dataset/images/lab/Auto_cropped/maclura_pomifera/pi2775-04-1-611.jpg,maclura_pomifera,lab
37c00b393d49e17d7b39e1b2194ecb9505274e6bfc71a605f50d3ca927881cba,dataset/images/lab/Auto_cropped/maclura_pomifera/pi2775-04-2.jpg,lab,dataset/images/lab/Auto_cropped/maclura_pomifera/pi2775-04-2-387.jpg,maclura_pomifera,lab
454f40990ddec96f38f1f1bf20435c1618b2fa14972144690d164dd3c9770a76,dataset/images/lab/Auto_cropped/maclura_pomifera/pi2775-04-3.jpg,lab,dataset/images/lab/Auto_cropped/maclura_pomifera/pi2775-04-3-551.jpg,maclura_pomifera,lab
0e0daf2c2fcab7d1b534d3cbd780db34a200681837c2557c86becc21197d65f8,dataset/images/lab/Auto_cropped/maclura_pomifera/pi2775-04-4.jpg,lab,dataset/images/lab/Auto_cropped/maclura_pomifera/pi2775-04-4-315.jpg,maclura_pomifera,lab
349073f2b88f620eb1d0eecdeb393e2f36581313682544436afa067ad14d46bb,dataset/images/lab/Auto_cropped/maclura_pomifera/pi2775-05-1.jpg,lab,dataset/images/lab/Auto_cropped/maclura_pomifera/pi2775-05-1-429.jpg,maclura_pomifera,lab
bbbff9b6305a927678c8d7a72d0328cd1418b183170ff43e56c33918121a2bc4,dataset/images/lab/Auto_cropped/maclura_pomifera/pi2775-05-2.jpg,lab,dataset/images/lab/Auto_cropped/maclura_pomifera/pi2775-05-2-367.jpg,maclura_pomifera,lab
5e6830c50dc05cc90f182b4a7d45c203e9d2efa13f9ca26cbdc8a744ca5fff8a,dataset/images/lab/Auto_cropped/maclura_pomifera/pi2775-05-3.jpg,lab,dataset/images/lab/Auto_cropped/maclura_pomifera/pi2775-05-3-977.jpg,maclura_pomifera,lab
391115d1e12682b3d0e64bab5098aaf12bfad6194aa3ec93d803d8ab58650158,dataset/images/lab/Auto_cropped/maclura_pomifera/pi2775-05-4.jpg,lab,dataset/images/lab/Auto_cropped/maclura_pomifera/pi2775-05-4-023.jpg,maclura_pomifera,lab
cfeb79f7a8609b322de79fd3fe28bb6c458350fce9b7f1db31f423ea6f99f3e2,dataset/images/lab/Auto_cropped/maclura_pomifera/pi2775-06-1.jpg,lab,dataset/images/lab/Auto_cropped/maclura_pomifera/pi2775-06-1-455.jpg,maclura_pomifera,lab
dc6b88f129570696c2132badb59b798ed0008b66b0009e2ed3e3345487c249af,dataset/images/lab/Auto_cropped/maclura_pomifera/pi2775-06-2.jpg,lab,dataset/images/lab/Auto_cropped/maclura_pomifera/pi2775-06-2-431.jpg,maclura_pomifera,lab
22b54b08c2c14f54a12f0a5aada891bb83b17b46d0bbaaada80d33ee3c3af879,dataset/images/lab/Auto_cropped/maclura_pomifera/pi2775-06-3.jpg,lab,dataset/images/lab/Auto_cropped/maclura_pomifera/pi2775-06-3-100.jpg,maclura_pomifera,lab
a471d8729d1804f18eb7fe8bcb869bdb0e36a0b5c6a1c264407de57e440aa08d,dataset/images/lab/Auto_cropped/maclura_pomifera/pi2775-06-4.jpg,lab,dataset/images/lab/Auto_cropped/maclura_pomifera/pi2775-06-4-936.jpg,maclura_pomifera,lab
4e762ebf84fc3724c6de5d687374b9f6f5456689ff98a9c3c27c24fb76cc8ac3,dataset/images/lab/Auto_cropped/maclura_pomifera/pi2775-07-1.jpg,lab,dataset/images/lab/Auto_cropped/maclura_pomifera/pi2775-07-1-990.jpg,maclura_pomifera,lab
b45b47828f78ac7f29f0235eb694855af45fa0e3ffede932b07a4e4da0362e69,dataset/images/lab/Auto_cropped/maclura_pomifera/pi2775-07-2.jpg,lab,dataset/images/lab/Auto_cropped/maclura_pomifera/pi2775-07-2-919.jpg,maclura_pomifera,lab
42e688a2ea5c4b8835da4a924f4cd23925c80244bfe015f54188f0e543786e5f,dataset/images/lab/Auto_cropped/maclura_pomifera/pi2775-07-3.jpg,lab,dataset/images/lab/Auto_cropped/maclura_pomifera/pi2775-07-3-187.jpg,maclura_pomifera,lab
79ddb39cc3e1f599dc1dc3a589d0788fe3a0d76de12aaa1d10dba5955ab2013b,dataset/images/lab/Auto_cropped/maclura_pomifera/pi2775-07-4.jpg,lab,dataset/images/lab/Auto_cropped/maclura_pomifera/pi2775-07-4-761.jpg,maclura_pomifera,lab
892022436be4c0d22e517379bd3b4bace7175dc7c72792c3f4753ac8dbde2e0f,dataset/images/lab/Auto_cropped/maclura_pomifera/pi2775-08-1.jpg,lab,dataset/images/lab/Auto_cropped/maclura_pomifera/pi2775-08-1-600.jpg,maclura_pomifera,lab
cbb3718a0f483547f0112d834eb08b6af19ab9085f0e531f29365fc1a37c2752,dataset/images/lab/Auto_cropped/maclura_pomifera/pi2775-08-2.jpg,lab,dataset/images/lab/Auto_cropped/maclura_pomifera/pi2775-08-2-668.jpg,maclura_pomifera,lab
091f0e7c93e139d1908008d9a01e3ff6319e6a6d230a64b234f8ca4667d5ea78,dataset/images/lab/Auto_cropped/maclura_pomifera/pi2775-08-3.jpg,lab,dataset/images/lab/Auto_cropped/maclura_pomifera/pi2775-08-3-163.jpg,maclura_pomifera,lab
0121017fa3e09b0524f281a76ecd5165b36c448ccccf10ca2ed6bfb85b53b988,dataset/images/lab/Auto_cropped/maclura_pomifera/pi2775-08-4.jpg,lab,dataset/images/lab/Auto_cropped/maclura_pomifera/pi2775-08-4-594.jpg,maclura_pomifera,lab
485b72d7c8dcf4bbe2b289146aeb611eb2ae45b66e5d378559003eb6d29d2fe5,dataset/images/lab/Auto_cropped/maclura_pomifera/pi2775-09-1.jpg,lab,dataset/images/lab/Auto_cropped/maclura_pomifera/pi2775-09-1-126.jpg,maclura_pomifera,lab
db3cd70c86c3e542c0dfbfca25662bbe79dd14a2a83d0b0cb0110f2c64422ca9,dataset/images/lab/Auto_cropped/maclura_pomifera/pi2775-09-2.jpg,lab,dataset/images/lab/Auto_cropped/maclura_pomifera/pi2775-09-2-777.jpg,maclura_pomifera,lab
ea7204263c3d022f87faad76e7eb82d8f1453f4e825e4202d3d04b12caa13534,dataset/images/lab/Auto_cropped/maclura_pomifera/pi2775-09-3.jpg,lab,dataset/images/lab/Auto_cropped/maclura_pomifera/pi2775-09-3-541.jpg,maclura_pomifera,lab
fdbe2984daec7a0557b89f541bc8389e046ac9234cf259743deb880486fc210f,dataset/images/lab/Auto_cropped/maclura_pomifera/pi2775-09-4.jpg,lab,dataset/images/lab/Auto_cropped/maclura_pomifera/pi2775-09-4-891.jpg,maclura_pomifera,lab
e184d6f447e0fbe04c7eda63da72d0d4963270173744a9bedade3003e002aa31,dataset/images/lab/Auto_cropped/maclura_pomifera/pi2775-10-1.jpg,lab,dataset/images/lab/Auto_cropped/maclura_pomifera/pi2775-10-1-236.jpg,maclura_pomifera,lab
a5547b2d62a3e60eae80856452d5dc2715526a461f6baeacc8bcd06389c0f1f4,dataset/images/lab/Auto_cropped/maclura_pomifera/pi2775-10-2.jpg,lab,dataset/images/lab/Auto_cropped/maclura_pomifera/pi2775-10-2-868.jpg,maclura_pomifera,lab
ddc3d3e14e8136a4f19c890a9a12732c2e2d095b8f22039ad1b7f35e8276dad5,dataset/images/lab/Auto_cropped/maclura_pomifera/pi2775-10-3.jpg,lab,dataset/images/lab/Auto_cropped/maclura_pomifera/pi2775-10-3-771.jpg,maclura_pomifera,lab
09f4ef9a7bc70a79a8354fd691c49c586722d9a69e6d9705b7a5c157ca362be1,dataset/images/lab/Auto_cropped/maclura_pomifera/pi2775-10-4.jpg,lab,dataset/images/lab/Auto_cropped/maclura_pomifera/pi2775-10-4-891.jpg,maclura_pomifera,lab
2a2afc5f4944db070907afa46131df9d5bb9186d5b8ed4c7c0633deb317b5439,dataset/images/lab/Auto_cropped/maclura_pomifera/pi2776-01-1.jpg,lab,dataset/images/lab/Auto_cropped/maclura_pomifera/pi2776-01-1-226.jpg,maclura_pomifera,lab
2b9972906b99473799231d539b013f06ebf9f487b5088e1d7cc7faa825811209,dataset/images/lab/Auto_cropped/maclura_pomifera/pi2776-01-2.jpg,lab,dataset/images/lab/Auto_cropped/maclura_pomifera/pi2776-01-2-883.jpg,maclura_pomifera,lab
1fee4998db24f05c09071fafefe5b1050a2ee8fb4a20227363645a2a7e02bb74,dataset/images/lab/Auto_cropped/maclura_pomifera/pi2776-01-3.jpg,lab,dataset/images/lab/Auto_cropped/maclura_pomifera/pi2776-01-3-074.jpg,maclura_pomifera,lab
94bc7f01c2a25b780e99cb83127a31d78b3e63147d9a88224f71bb6564221780,dataset/images/lab/Auto_cropped/maclura_pomifera/pi2776-01-4.jpg,lab,dataset/images/lab/Auto_cropped/maclura_pomifera/pi2776-01-4-481.jpg,maclura_pomifera,lab
18f0ea2b4b2d3521ef309cf7fdfb49545ebc57d8b94e8f70a5ca9915eb15c5ff,dataset/images/lab/Auto_cropped/maclura_pomifera/pi2776-02-1.jpg,lab,dataset/images/lab/Auto_cropped/maclura_pomifera/pi2776-02-1-424.jpg,maclura_pomifera,lab
7b8ef7f2380f6c267d01ebe09c1495b3da3024f7410535df2f4bd2b72ea75b1a,dataset/images/lab/Auto_cropped/maclura_pomifera/pi2776-02-2.jpg,lab,dataset/images/lab/Auto_cropped/maclura_pomifera/pi2776-02-2-804.jpg,maclura_pomifera,lab
92a5c5a48ef74f5d9276da3a7538d2990cc6ad0180ff5a795039457821884e60,dataset/images/lab/Auto_cropped/maclura_pomifera/pi2776-02-3.jpg,lab,dataset/images/lab/Auto_cropped/maclura_pomifera/pi2776-02-3-214.jpg,maclura_pomifera,lab
a11124240143c3ff1b831db621d497f49a648ca602ce367635790e48a6e8e2db,dataset/images/lab/Auto_cropped/maclura_pomifera/pi2776-02-4.jpg,lab,dataset/images/lab/Auto_cropped/maclura_pomifera/pi2776-02-4-416.jpg,maclura_pomifera,lab
92aa461ea083b5d0684509e8b748a9fec913cfdf077a053106ce4681889bb492,dataset/images/lab/Auto_cropped/maclura_pomifera/pi2776-03-1.jpg,lab,dataset/images/lab/Auto_cropped/maclura_pomifera/pi2776-03-1-436.jpg,maclura_pomifera,lab
4e6b4c780df3cfbaec6c94449662b0543af0360af6c6415d5a8d32ca36e8575b,dataset/images/lab/Auto_cropped/maclura_pomifera/pi2776-03-2.jpg,lab,dataset/images/lab/Auto_cropped/maclura_pomifera/pi2776-03-2-867.jpg,maclura_pomifera,lab
47b4f9d0fcb106a5982498077b76bf8a4adcf8d208d497cf51145f4f14703a96,dataset/images/lab/Auto_cropped/maclura_pomifera/pi2776-03-3.jpg,lab,dataset/images/lab/Auto_cropped/maclura_pomifera/pi2776-03-3-285.jpg,maclura_pomifera,lab
ecda223a18bedbc005f23e7485a4f9e4aebf24dc36541e99c64b246951703d12,dataset/images/lab/Auto_cropped/maclura_pomifera/pi2776-03-4.jpg,lab,dataset/images/lab/Auto_cropped/maclura_pomifera/pi2776-03-4-922.jpg,maclura_pomifera,lab
eef00a2ac082b010d2661d4f52ba6af4314886b5c8263343270f5283287ddd7d,dataset/images/lab/Auto_cropped/maclura_pomifera/pi2776-04-1.jpg,lab,dataset/images/lab/Auto_cropped/maclura_pomifera/pi2776-04-1-953.jpg,maclura_pomifera,lab
62a1e8d0812dbab87ed428604e88ada006f92905d8add895e4c45f73c9d19075,dataset/images/lab/Auto_cropped/maclura_pomifera/pi2776-04-2.jpg,lab,dataset/images/lab/Auto_cropped/maclura_pomifera/pi2776-04-2-394.jpg,maclura_pomifera,lab
2aa7d8aa94ba5ee5234f139d00c96c3b49983dcc506373b7136302056818944b,dataset/images/lab/Auto_cropped/maclura_pomifera/pi2776-04-3.jpg,lab,dataset/images/lab/Auto_cropped/maclura_pomifera/pi2776-04-3-287.jpg,maclura_pomifera,lab
2df60f96b587bf400c4a7b396e09d246247b91ad0941065d0bec56628bf6d342,dataset/images/lab/Auto_cropped/maclura_pomifera/pi2776-04-4.jpg,lab,dataset/images/lab/Auto_cropped/maclura_pomifera/pi2776-04-4-955.jpg,maclura_pomifera,lab
ed3bd2f28cb98a6f5672661b2adbff9ca9b03d1ff18b2a5f72ff293342bd67e6,dataset/images/lab/Auto_cropped/maclura_pomifera/pi2776-05-1.jpg,lab,dataset/images/lab/Auto_cropped/maclura_pomifera/pi2776-05-1-185.jpg,maclura_pomifera,lab
a65e4c9095f858f626c96d1de157d735f31a4586129cec05a6c268cbb9fcf69b,dataset/images/lab/Auto_cropped/maclura_pomifera/pi2776-05-2.jpg,lab,dataset/images/lab/Auto_cropped/maclura_pomifera/pi2776-05-2-948.jpg,maclura_pomifera,lab
e1d90802bb948b6c091c68f2f7c47759b74c71ba02fc29ae142736abf4b35b16,dataset/images/lab/Auto_cropped/maclura_pomifera/pi2776-05-3.jpg,lab,dataset/images/lab/Auto_cropped/maclura_pomifera/pi2776-05-3-580.jpg,maclura_pomifera,lab
6ba63f61dc900ea66b896d78f4ebdc6fb80d988fc2dd95e76f497dfc175fa919,dataset/images/lab/Auto_cropped/maclura_pomifera/pi2776-05-4.jpg,lab,dataset/images/lab/Auto_cropped/maclura_pomifera/pi2776-05-4-595.jpg,maclura_pomifera,lab
71544e3299acf5968a538fab163d3d63ee80f53561d9024385703b77c37cc770,dataset/images/lab/Auto_cropped/maclura_pomifera/pi2776-06-1.jpg,lab,dataset/images/lab/Auto_cropped/maclura_pomifera/pi2776-06-1-553.jpg,maclura_pomifera,lab
783313a99b828cdd009c5de962d7dbdbdb08c68231cd0d560976df586ad7bbac,dataset/images/lab/Auto_cropped/maclura_pomifera/pi2776-06-2.jpg,lab,dataset/images/lab/Auto_cropped/maclura_pomifera/pi2776-06-2-455.jpg,maclura_pomifera,lab
12f1641f9f94b26b580528832041c900c301d0f73f5b086717f7b7a979067f05,dataset/images/lab/Auto_cropped/maclura_pomifera/pi2776-06-3.jpg,lab,dataset/images/lab/Auto_cropped/maclura_pomifera/pi2776-06-3-763.jpg,maclura_pomifera,lab
7826a151df5582334a93775872add7e353154e12398948cc37053deb7e2a04f5,dataset/images/lab/Auto_cropped/maclura_pomifera/pi2776-06-4.jpg,lab,dataset/images/lab/Auto_cropped/maclura_pomifera/pi2776-06-4-317.jpg,maclura_pomifera,lab
732ed241876ed1969a0407541cdaade997bca02a50c9b26dd51e93e8bc4180e8,dataset/images/lab/Auto_cropped/maclura_pomifera/pi2776-07-1.jpg,lab,dataset/images/lab/Auto_cropped/maclura_pomifera/pi2776-07-1-617.jpg,maclura_pomifera,lab
27e608ab872b21073ec6f71e2e54160cb2cec9a2120ca6655e4a87c11ecd4c22,dataset/images/lab/Auto_cropped/maclura_pomifera/pi2776-07-2.jpg,lab,dataset/images/lab/Auto_cropped/maclura_pomifera/pi2776-07-2-796.jpg,maclura_pomifera,lab
ff5704ac4b9097089d4da01ca5c8ef02e24a0d5a7152fea8e8d22a9775c3f10f,dataset/images/lab/Auto_cropped/maclura_pomifera/pi2776-07-3.jpg,lab,dataset/images/lab/Auto_cropped/maclura_pomifera/pi2776-07-3-702.jpg,maclura_pomifera,lab
7995c92618996cc390585751812297eebe446ead64ee219b6a83433492057c93,dataset/images/lab/Auto_cropped/maclura_pomifera/pi2776-07-4.jpg,lab,dataset/images/lab/Auto_cropped/maclura_pomifera/pi2776-07-4-211.jpg,maclura_pomifera,lab
4ccc0d92b438bd9cd9049edfd0189df72d5be02f4de77e3ff79011bc6799418a,dataset/images/lab/Auto_cropped/maclura_pomifera/pi2776-08-1.jpg,lab,dataset/images/lab/Auto_cropped/maclura_pomifera/pi2776-08-1-304.jpg,maclura_pomifera,lab
3e8f3b5712ed2f5eb9a9cb3313c5f64ceb68a9d4941cc9c1b999eb19c3793a8f,dataset/images/lab/Auto_cropped/maclura_pomifera/pi2776-08-2.jpg,lab,dataset/images/lab/Auto_cropped/maclura_pomifera/pi2776-08-2-925.jpg,maclura_pomifera,lab
fb49d19e097319be1bdfd4cbcb071f5e104d425efb73892a4147f9946d9d14d2,dataset/images/lab/Auto_cropped/maclura_pomifera/pi2776-08-3.jpg,lab,dataset/images/lab/Auto_cropped/maclura_pomifera/pi2776-08-3-191.jpg,maclura_pomifera,lab
1acb2edb11d2d80a946e6eeea400d319dd08a27db7e2064ecd7e90ae1ed782fe,dataset/images/lab/Auto_cropped/maclura_pomifera/pi2776-08-4.jpg,lab,dataset/images/lab/Auto_cropped/maclura_pomifera/pi2776-08-4-285.jpg,maclura_pomifera,lab
e73d484e886d482f3987ea26b3b76dc9200203c596860854c73d7e8ddcfd2415,dataset/images/lab/Auto_cropped/maclura_pomifera/pi2776-09-1.jpg,lab,dataset/images/lab/Auto_cropped/maclura_pomifera/pi2776-09-1-411.jpg,maclura_pomifera,lab
9df494cd6f8fe3294752a04c7b4f975175568e36fcb9306c4638c06688f01f3d,dataset/images/lab/Auto_cropped/maclura_pomifera/pi2776-09-2.jpg,lab,dataset/images/lab/Auto_cropped/maclura_pomifera/pi2776-09-2-854.jpg,maclura_pomifera,lab
90217a450a0c4d1b345391ac63abb835daa438e87c8a9e1202f1ba04ab198463,dataset/images/lab/Auto_cropped/maclura_pomifera/pi2776-09-3.jpg,lab,dataset/images/lab/Auto_cropped/maclura_pomifera/pi2776-09-3-688.jpg,maclura_pomifera,lab
c05297fbca1d61a7a10f1d00d94a8bd4b0a913114b4e3f38b87df4701e74b25e,dataset/images/lab/Auto_cropped/maclura_pomifera/pi2776-09-4.jpg,lab,dataset/images/lab/Auto_cropped/maclura_pomifera/pi2776-09-4-309.jpg,maclura_pomifera,lab
dda990b6406b69f78b2078b7d7d560543faea1f4d37eeb18c5dcc84cbf93e789,dataset/images/lab/Auto_cropped/maclura_pomifera/pi2776-10-1.jpg,lab,dataset/images/lab/Auto_cropped/maclura_pomifera/pi2776-10-1-295.jpg,maclura_pomifera,lab
062be4b15855d93800d0e95aedfe95c4c2d1fe4f5f6398447f783b573e2d80aa,dataset/images/lab/Auto_cropped/maclura_pomifera/pi2776-10-2.jpg,lab,dataset/images/lab/Auto_cropped/maclura_pomifera/pi2776-10-2-646.jpg,maclura_pomifera,lab
bc0c5be996a169b0a119eff6ea6911ce1003cc32448cd62ab3a38acc2d1acd2f,dataset/images/lab/Auto_cropped/maclura_pomifera/pi2776-10-3.jpg,lab,dataset/images/lab/Auto_cropped/maclura_pomifera/pi2776-10-3-601.jpg,maclura_pomifera,lab
4936c6687f21efed3d092a7134790dacdd19e656e769124ff8ff98644fdeb373,dataset/images/lab/Auto_cropped/maclura_pomifera/pi2776-10-4.jpg,lab,dataset/images/lab/Auto_cropped/maclura_pomifera/pi2776-10-4-082.jpg,maclura_pomifera,lab
79bdedcdbb4edb20323a2e3ecc7e6698f9107536757ec3ef45ee218206d49f4e,dataset/images/field/ulmus_pumila/13291724505843.jpg,field,dataset/images/field/ulmus_pumila/13291736098611.jpg,ulmus_pumila,field
d5fc476db53e764259e384249a3ad7ff4aa54e067d4cbb53d86a0b3a382279bd,dataset/images/field/ulmus_pumila/13291724509190.jpg,field,dataset/images/field/ulmus_pumila/13291736093465.jpg,ulmus_pumila,field
86d50364a36d3e6048f1e5cba0b3069c1fff15c2f1276be7a493f7e17b9292b9,dataset/images/field/ulmus_pumila/13291724507734.jpg,field,dataset/images/field/ulmus_pumila/13291736097986.jpg,ulmus_pumila,field
9fe264b7cec1640076d03a574697ba0736a97e81b80f2527a8ec7b3ab4719e67,dataset/images/field/ulmus_pumila/13291724500035.jpg,field,dataset/images/field/ulmus_pumila/13291736092362.jpg,ulmus_pumila,field
a5acb64fd4e2532bc33266861f4a9727ebde84402270d80176fe3ecf98eacab5,dataset/images/field/ulmus_pumila/13291724504635.jpg,field,dataset/images/field/ulmus_pumila/13291736099800.jpg,ulmus_pumila,field
c31708e4ab2873a983dc3aa68f870565722a9a1dba9e71c4ec875d40a202d7e1,dataset/images/field/ulmus_pumila/13291724509519.jpg,field,dataset/images/field/ulmus_pumila/13291736090152.jpg,ulmus_pumila,field
21e85d3b3d6cffdea2c3459215eb25bc711c60b8f52e3371846337158fb6de42,dataset/images/field/ulmus_pumila/13291724504200.jpg,field,dataset/images/field/ulmus_pumila/13291736098642.jpg,ulmus_pumila,field
7b2eb5f147b247a574e79a1b22ddc04443fe252cc491c5beeb7ca6ebc690ad42,dataset/images/field/ulmus_pumila/13291724503533.jpg,field,dataset/images/field/ulmus_pumila/13291736094492.jpg,ulmus_pumila,field
ce67efd8e470d89dd13c45bb8294fbaaba1f046ef994f1a219008eb008547242,dataset/images/field/ulmus_pumila/13291724509139.jpg,field,dataset/images/field/ulmus_pumila/13291736092555.jpg,ulmus_pumila,field
1d23ab9b2731ebe7891781e894d186d45506ebd5845cb48ed96bcf8ea7c9a344,dataset/images/field/ulmus_pumila/13291724505029.jpg,field,dataset/images/field/ulmus_pumila/13291736091370.jpg,ulmus_pumila,field
e9c7adac21e76b9c0afb93de7f88eb2c71bd7eec545e57ce5f5e64ecf0261ff9,dataset/images/field/ulmus_pumila/13291724505827.jpg,field,dataset/images/field/ulmus_pumila/13291736098058.jpg,ulmus_pumila,field
47b0a5a7b94889aee476136b0a11c35395686fa2ee9d8272302cc37eb9fc2013,dataset/images/field/ulmus_pumila/13291724508383.jpg,field,dataset/images/field/ulmus_pumila/13291736093840.jpg,ulmus_pumila,field
6f81429a7bf05dfdf82b121484ee2fcd5ddae41acc57d4ff67f6fdbb8a6eed1e,dataset/images/field/ulmus_pumila/13291724501699.jpg,field,dataset/images/field/ulmus_pumila/13291736097599.jpg,ulmus_pumila,field
8c08dde4dd526ba36362b7c4af16b8041b2879e3c19e4d2058c734f096f902c9,dataset/images/field/ulmus_pumila/13291724501249.jpg,field,dataset/images/field/ulmus_pumila/13291736099764.jpg,ulmus_pumila,field
e3b017a87a06874eab86ef5a72f840a667e205052caa8c5389646c274d17ed42,dataset/images/field/ulmus_pumila/13291724507174.jpg,field,dataset/images/field/ulmus_pumila/13291736096249.jpg,ulmus_pumila,field
f1a17e6128eb83e9918e77e37e9cf05896b08929bae48c448a3e5ef21d3c21b8,dataset/images/field/ulmus_pumila/13291724502120.jpg,field,dataset/images/field/ulmus_pumila/13291736096149.jpg,ulmus_pumila,field
2372a9920b4c314850f57f7a467ca8f47cab08b15f80a389dbf01c7975d4cd90,dataset/images/field/ulmus_pumila/13291724504455.jpg,field,dataset/images/field/ulmus_pumila/13291736095321.jpg,ulmus_pumila,field
6aa739581440750cb57bd44862fbbe8c823e51e5694517b2da81c5208ea5b811,dataset/images/field/ulmus_pumila/13291724503875.jpg,field,dataset/images/field/ulmus_pumila/13291736091621.jpg,ulmus_pumila,field
f82334a54cc646ea314388d9c04b7014a3b6141f10174df857621cd34bd8f82e,dataset/images/field/ulmus_pumila/13291724509496.jpg,field,dataset/images/field/ulmus_pumila/13291736091125.jpg,ulmus_pumila,field
4966f64e339cdb118b153a18788e9ceae65ed877bf6fe814015cc6f2989c74c6,dataset/images/field/ulmus_pumila/13291724506194.jpg,field,dataset/images/field/ulmus_pumila/13291736095581.jpg,ulmus_pumila,field
290b028af49a8303562fff7568230e192ef08b6dd4192afbb0baa0e46a99f3c7,dataset/images/field/ulmus_pumila/13291724505096.jpg,field,dataset/images/field/ulmus_pumila/13291736099162.jpg,ulmus_pumila,field
608bdffdbbec6c7ca96301e8662afa73d1c9a354b5f7bd17026e1420b06f9878,dataset/images/field/ulmus_pumila/13291724508719.jpg,field,dataset/images/field/ulmus_pumila/13291736098862.jpg,ulmus_pumila,field
b2915f301a693a93c5b1ad9f1c4e9aab35ff0a3af6ad2aa52e350bc82051cbbc,dataset/images/field/ulmus_pumila/13291724500889.jpg,field,dataset/images/field/ulmus_pumila/13291736095802.jpg,ulmus_pumila,field
b03a6fbe50e0ccf67a02981bea79a340295438ebed2e4ca54abd1b1829555936,dataset/images/field/ulmus_pumila/13291724500976.jpg,field,dataset/images/field/ulmus_pumila/13291736090992.jpg,ulmus_pumila,field
f10464281b592539a7c8013feb5590dde77f92c4d35fcfbc18f9391575b13568,dataset/images/field/ulmus_pumila/13291724504832.jpg,field,dataset/images/field/ulmus_pumila/13291736099130.jpg,ulmus_pumila,field
81904429960aab301be32a0b7e2cd97bf56dc0a6152903484876c9cbde211dc3,dataset/images/field/ulmus_pumila/13291724505361.jpg,field,dataset/images/field/ulmus_pumila/13291736091645.jpg,ulmus_pumila,field
fa431ace88616c718212efd93b7612c977dbba145210d185f7e9e0e0a27b5af0,dataset/images/field/ulmus_pumila/13291724506942.jpg,field,dataset/images/field/ulmus_pumila/13291736095272.jpg,ulmus_pumila,field
a8319178ebbf643a9d73614b438226815cf85a30708b0e3da70d7b55639d19bf,dataset/images/field/ulmus_pumila/13291724506616.jpg,field,dataset/images/field/ulmus_pumila/13291736098499.jpg,ulmus_pumila,field
eab809d474dab6f61a11e7250a98eaa8a42cfb3051502ea76be6a7cf51429c06,dataset/images/field/ulmus_pumila/13291724502537.jpg,field,dataset/images/field/ulmus_pumila/13291736094197.jpg,ulmus_pumila,field
59bb8dc9cd6f853c64a38f829b9187594cece90b2be617fd17ef13cc54193319,dataset/images/field/ulmus_pumila/13291724506357.jpg,field,dataset/images/field/ulmus_pumila/13291736097120.jpg,ulmus_pumila,field
68c78bdc98f0d4e9b4ad607e0278ac9799f39ed0e1d22dafbfb11dccc94c5fa7,dataset/images/field/ulmus_pumila/13291724506852.jpg,field,dataset/images/field/ulmus_pumila/13291736094227.jpg,ulmus_pumila,field
f1e5f3869f2e9454f65d052fa1591d9b30d3d7c72c37a998cc0910720f3cd26b,dataset/images/field/ulmus_pumila/13291724508559.jpg,field,dataset/images/field/ulmus_pumila/13291736095875.jpg,ulmus_pumila,field
4cd4c856aa7414d20f249c3406272e5af0f779b60475de478280e4ee1fae0fed,dataset/images/field/ulmus_pumila/13291724507900.jpg,field,dataset/images/field/ulmus_pumila/13291736097411.jpg,ulmus_pumila,field
55e3c9f487dd41461f31bfa8ce90aafe6fb998ee10bedc40d23fdc5edfb39f32,dataset/images/field/ulmus_pumila/13291724502441.jpg,field,dataset/images/field/ulmus_pumila/13291736090584.jpg,ulmus_pumila,field
ffc1ab6147c11e628d0832536f8f6c3dd7e766e8e79f3f14b8f828bbf9421612,dataset/images/field/ulmus_pumila/13291724504453.jpg,field,dataset/images/field/ulmus_pumila/13291736090155.jpg,ulmus_pumila,field
2ce962387af0acc12cc4a2925bacfe747f0750ac804ef288df2766f735f42cb9,dataset/images/field/ulmus_pumila/13291724504174.jpg,field,dataset/images/field/ulmus_pumila/13291736092971.jpg,ulmus_pumila,field
78c04ffa1ec5299512215042cf77188c95f0524848351e1699676f44775d8e55,dataset/images/field/ulmus_pumila/13291724505677.jpg,field,dataset/images/field/ulmus_pumila/13291736096363.jpg,ulmus_pumila,field
716e6bd27eb899a181df8e8f960e4b75f8625e0d99f331981741854e86966325,dataset/images/field/ulmus_pumila/13291724507356.jpg,field,dataset/images/field/ulmus_pumila/13291736096729.jpg,ulmus_pumila,field
3957679f979933af0abe39a604e7a7a1f2d5647de716b6ccf893d5e432f7e50c,dataset/images/field/ulmus_pumila/13291724505712.jpg,field,dataset/images/field/ulmus_pumila/13291736091589.jpg,ulmus_pumila,field
fb93703b02e037efef741c2de448683bd6f35ac587c3f25690911ebfae4dde05,dataset/images/field/ulmus_pumila/13291724509367.jpg,field,dataset/images/field/ulmus_pumila/13291736090119.jpg,ulmus_pumila,field
2cd1c9d68753cc15c1253fe4541186e8fe30f65756b53733e048bdcf2662f57e,dataset/images/field/ulmus_pumila/13291724504718.jpg,field,dataset/images/field/ulmus_pumila/13291736093247.jpg,ulmus_pumila,field
ce3a593726f6889e39dbc51be27c6c679838f1399ce7ae3337545d15d6fa9262,dataset/images/field/ulmus_pumila/13291724501161.jpg,field,dataset/images/field/ulmus_pumila/13291736095165.jpg,ulmus_pumila,field
f6e6badb2a800582db44bbffae953eb6a9231a3a54140741ba526ad8c14995c1,dataset/images/field/ulmus_pumila/13291724502378.jpg,field,dataset/images/field/ulmus_pumila/13291736092610.jpg,ulmus_pumila,field
04afd844b2aa196294de9411e6529fa3e5167dea57c1fdf61c8b6c31b9701c06,dataset/images/field/ulmus_pumila/13291724509093.jpg,field,dataset/images/field/ulmus_pumila/13291736099218.jpg,ulmus_pumila,field
0d299c14b0f81aee0412739ae08858fc4a5596e987ecef99eac890a47781fa61,dataset/images/field/ulmus_pumila/13291724506612.jpg,field,dataset/images/field/ulmus_pumila/13291736091481.jpg,ulmus_pumila,field
900846f2342311778275e42f3c993be7947acf625560b1c37a57d3b47319058d,dataset/images/field/ulmus_pumila/13291724506156.jpg,field,dataset/images/field/ulmus_pumila/13291736090450.jpg,ulmus_pumila,field
616629963a815077199a63aeee23b77b85c9fab1ee9bf2cad9408c3001b994ce,dataset/images/field/ulmus_pumila/13291724502401.jpg,field,dataset/images/field/ulmus_pumila/13291736096897.jpg,ulmus_pumila,field
bbd03d97bc86e52ec6d789d506e1b61afe003b8a5a54751a036ceb38cf6b6dfd,dataset/images/field/ulmus_pumila/13291724508224.jpg,field,dataset/images/field/ulmus_pumila/13291736092309.jpg,ulmus_pumila,field
b9b8fa985dd4f811427c1af84e69f6fd9e5a34331722b0ebe89a9f6ce348b10f,dataset/images/field/ulmus_pumila/13291724508859.jpg,field,dataset/images/field/ulmus_pumila/13291736096844.jpg,ulmus_pumila,field
260792b4dc2fea6881e87e893a044c55a4711816031bf14444bb9cc5feb1e38e,dataset/images/field/ulmus_pumila/13291724506095.jpg,field,dataset/images/field/ulmus_pumila/13291736091861.jpg,ulmus_pumila,field
195efdd58cd23fe04a606d424f4ae845348388f295c1010c8fcaca99dad7c8a0,dataset/images/field/ulmus_pumila/13291724500056.jpg,field,dataset/images/field/ulmus_pumila/13291736091123.jpg,ulmus_pumila,field
877f13675037fb777c7d2ec81d290a23d6a49943ce86714577479ad2bb912b16,dataset/images/field/ulmus_pumila/13291724505956.jpg,field,dataset/images/field/ulmus_pumila/13291736097915.jpg,ulmus_pumila,field
b68cdb1758b667960bab8cd07bfa8967b57e5bcf44dbc7e8219d777124d0d1b8,dataset/images/field/ulmus_pumila/13291724507515.jpg,field,dataset/images/field/ulmus_pumila/13291736097618.jpg,ulmus_pumila,field
24e55d3f569540cf19de75b2a9230b6acd23aa2ddc08f99f96ed2793c49a1224,dataset/images/field/ulmus_pumila/13291724504803.jpg,field,dataset/images/field/ulmus_pumila/13291736096370.jpg,ulmus_pumila,field
b744651419628ac997a934bd8832ce4fdde7ff5f6552ffd5b579d04347aa6a38,dataset/images/field/ulmus_pumila/13291724508858.jpg,field,dataset/images/field/ulmus_pumila/13291736092907.jpg,ulmus_pumila,field
5197f2137fc320f5b5d04c33993adfe6aab7d0e929711605c2c1fb1735852304,dataset/images/field/ulmus_pumila/13291724500402.jpg,field,dataset/images/field/ulmus_pumila/13291736094004.jpg,ulmus_pumila,field
6bfa1dc0cff5229f250e21eb2394a6b1061efce22d1d7b505e155e992318da4a,dataset/images/field/ulmus_pumila/13291724505710.jpg,field,dataset/images/field/ulmus_pumila/13291736094755.jpg,ulmus_pumila,field
c69c1fd125ee9491d07994203b8b7acabb28fd181e9c2cb9bdf777db36693c14,dataset/images/field/ulmus_pumila/13291724506406.jpg,field,dataset/images/field/ulmus_pumila/13291736098133.jpg,ulmus_pumila,field
293bb8026faadd0f5f1888d16d939811d9481fffcd343bbd4c769b15f22d9db5,dataset/images/field/ulmus_pumila/13291724501128.jpg,field,dataset/images/field/ulmus_pumila/13291736093774.jpg,ulmus_pumila,field
862494e8285be69dcb6bd93af37291daf34a2a37298e0c7f004b8ed91879aaf2,dataset/images/field/ulmus_pumila/13291724505165.jpg,field,dataset/images/field/ulmus_pumila/13291736095350.jpg,ulmus_pumila,field
0dc3451c0b0fbaba45158d6e574eddee6f63ba79ce0f69651932497c174c34fe,dataset/images/field/ulmus_pumila/13291724509271.jpg,field,dataset/images/field/ulmus_pumila/13291736090640.jpg,ulmus_pumila,field
7416bcf65d786c12ecb55fd54b9be6d670f5f3745b8706e7daa94b873941da82,dataset/images/field/ulmus_pumila/13291724502140.jpg,field,dataset/images/field/ulmus_pumila/13291736092616.jpg,ulmus_pumila,field
eeda8d10947f223325ee4c238cf01bcc53289e7662191ebc5c60bbf3fa650273,dataset/images/field/ulmus_pumila/13291724506217.jpg,field,dataset/images/field/ulmus_pumila/13291736096677.jpg,ulmus_pumila,field
34629099d2edeb1db93f8fd656ea0f6986305495572fcef0673321de765468cb,dataset/images/field/ulmus_pumila/13291724502481.jpg,field,dataset/images/field/ulmus_pumila/13291736093335.jpg,ulmus_pumila,field
0ec5d5f19adeda425139a6bdd14ea030798188cd5c3a267fef15a6f66c4050fe,dataset/images/field/ulmus_pumila/13291724502987.jpg,field,dataset/images/field/ulmus_pumila/13291736097130.jpg,ulmus_pumila,field
d59fe5643041f6963663026fc84bcc9697312694257ad34c9e736a675087fb29,dataset/images/field/ulmus_pumila/13291724505469.jpg,field,dataset/images/field/ulmus_pumila/13291736093214.jpg,ulmus_pumila,field
09444b1b137b20c6c486fd1cf818c074770e0566e7423032ae9e22616dd8ed0c,dataset/images/field/ulmus_pumila/13291724505882.jpg,field,dataset/images/field/ulmus_pumila/13291736095846.jpg,ulmus_pumila,field
6ceb47f661a6c974a730408ad087eb0ee31c9d71646206f0a1496d1ad2417f5d,dataset/images/field/ulmus_pumila/13291724508899.jpg,field,dataset/images/field/ulmus_pumila/13291736095728.jpg,ulmus_pumila,field
74270945719f2b4d4f46b6dc9192dac4851a6f67d7d71b83c97de21661608283,dataset/images/field/ulmus_pumila/13291724503527.jpg,field,dataset/images/field/ulmus_pumila/13291736095134.jpg,ulmus_pumila,field
606ffcb71db109d52a4946e3d891f28e9615ca798e1016dca984b1e643505ec3,dataset/images/field/abies_concolor/12995307070714.jpg,field,dataset/images/field/abies_concolor/12995309747806.jpg,abies_concolor,field
70fefb269d13ef91ea7b2682d866a9ba6b8efc3c5c0d00b7ca48d682b19b7633,dataset/images/field/quercus_montana/13292231178100.jpg,field,dataset/images/field/quercus_montana/13292231174703.jpg,quercus_montana,field
b0c604de961c74eff8107ca0eed7af09b2a77db438db353feef78044e7ee09f8,dataset/images/field/quercus_montana/13292231172210.jpg,field,dataset/images/field/quercus_montana/13292231174211.jpg,quercus_montana,field
7ab06156b0424c33a19c8b13595d1605a5f45b1678cb7e524c577cd4c2dae380,dataset/images/field/quercus_montana/13292231173642.jpg,field,dataset/images/field/quercus_montana/13292231173082.jpg,quercus_montana,field
007f3dc3d84ca4aafe3e16fa7d7f5a2652f394f7009978d25219abdc7c90302d,dataset/images/field/quercus_montana/13292231170455.jpg,field,dataset/images/field/quercus_montana/13292231179955.jpg,quercus_montana,field
490e20712f3341548f011bc953306cc7b4d2c0a5352d1da03b95438e4e5c47b2,dataset/images/field/quercus_montana/13292231174378.jpg,field,dataset/images/field/quercus_montana/13292231170979.jpg,quercus_montana,field
8fefa5db3725d604e380ed3764cb293d05dd3e64edd1614e683ac7ff51cb3eb6,dataset/images/field/quercus_montana/13292231178868.jpg,field,dataset/images/field/quercus_montana/13292231172496.jpg,quercus_montana,field
4ea7ba95e802dd3f041e93e70872413fb5b414660cc9a719c90899ab2513772f,dataset/images/field/quercus_montana/13292231172342.jpg,field,dataset/images/field/quercus_montana/13292231170554.jpg,quercus_montana,field
6839d8e24a43e6e8caaa496329609b1842cee920309579aab9549e0361965834,dataset/images/field/prunus_virginiana/13002169494385.jpg,field,dataset/images/field/prunus_virginiana/13002175695539.jpg,prunus_virginiana,field
9ed6a970fcb37fc8b1e0ff4b71822994d898b15fab9eb8abc89a54bfb2111315,dataset/images/field/prunus_virginiana/13002169496814.jpg,field,dataset/images/field/prunus_virginiana/13002175692748.jpg,prunus_virginiana,field
97b06fbf68f06d5dd3e813b4488e2f981abc143cf5c8ee616668e8f8198f9c9c,dataset/images/field/prunus_virginiana/13002169494779.jpg,field,dataset/images/field/prunus_virginiana/13002175698600.jpg,prunus_virginiana,field
d6903249d6c782571215b99327b172148833c1348c2892d30c4302383e27fea4,dataset/images/field/prunus_virginiana/13002169491790.jpg,field,dataset/images/field/prunus_virginiana/13002175694042.jpg,prunus_virginiana,field
f1f2ee68e475517eda69d22c52ca79d2eb6fd9f6c42d1d81e19e47373e702faa,dataset/images/field/prunus_virginiana/13002169496273.jpg,field,dataset/images/field/prunus_virginiana/13002175693307.jpg,prunus_virginiana,field
2f64b185cda86089d5dbed730ca72b772a0392b4a56426c523f84e370619ab1d,dataset/images/field/prunus_virginiana/13002169495622.jpg,field,dataset/images/field/prunus_virginiana/13002175690168.jpg,prunus_virginiana,field
a2d181426e62946715cd400614c5e0de20412e40e02f67b2223b6a6c399eca9d,dataset/images/field/prunus_virginiana/13002169494426.jpg,field,dataset/images/field/prunus_virginiana/13002175690011.jpg,prunus_virginiana,field
8d19fc73e6aa26e96e70bae95e09c00a20f9843b1609da3dc77d8b74205f8de0,dataset/images/field/prunus_virginiana/13002169498649.jpg,field,dataset/images/field/prunus_virginiana/13002175697382.jpg,prunus_virginiana,field
ffb6fd2501f87168e8381a46b703be14c62628e5c7cc9eb8bdd79a16b2c671ef,dataset/images/field/prunus_virginiana/13002169494667.jpg,field,dataset/images/field/prunus_virginiana/13002175691058.jpg,prunus_virginiana,field
447a9e198517b02f2b33ba0bd0455b30bcff748cadb0f39c932d3da242a18d21,dataset/images/field/prunus_virginiana/13002169496143.jpg,field,dataset/images/field/prunus_virginiana/13002175693442.jpg,prunus_virginiana,field
fa5e1c24c8a2ae1adfe7485de68d31397d5995d27f1104012d5ed3d48de0fc27,dataset/images/field/prunus_virginiana/13002169492178.jpg,field,dataset/images/field/prunus_virginiana/13002175693153.jpg,prunus_virginiana,field
2c870b8ae027fd7790486e8f336d9944c923c28f8b249469b0071920883d5ae1,dataset/images/field/prunus_virginiana/13002169493123.jpg,field,dataset/images/field/prunus_virginiana/13002175697673.jpg,prunus_virginiana,field
94cc1b73f1a3295ac685a0717cb3da9573ec2b9f121420c516a56bb060b29607,dataset/images/field/prunus_virginiana/13002169497407.jpg,field,dataset/images/field/prunus_virginiana/13002175694188.jpg,prunus_virginiana,field
d3d9a808e4c876727c3f86e67ad46defec869ffaf9a796344ad3deb973ac6493,dataset/images/field/prunus_virginiana/13002169494784.jpg,field,dataset/images/field/prunus_virginiana/13002175695976.jpg,prunus_virginiana,field
93b22ed9bcf61268e1257e2c0b37c336f5663868afe5f9e105f485a648b25a15,dataset/images/field/prunus_virginiana/13002169492905.jpg,field,dataset/images/field/prunus_virginiana/13002175696265.jpg,prunus_virginiana,field
439e436453ba79d5e11a57b2bcce4a94e46e699c16cbfbfb2d78bb393f19c05f,dataset/images/field/prunus_virginiana/13002169492155.jpg,field,dataset/images/field/prunus_virginiana/13002175697508.jpg,prunus_virginiana,field
d41e1370cb664ff569ad9d6376ca50d9856b40e14ebeaf120b9830cefc48d0c0,dataset/images/field/prunus_virginiana/13002169498785.jpg,field,dataset/images/field/prunus_virginiana/13002175695450.jpg,prunus_virginiana,field
1069ec6df83caf86a6900c981def645c51b29a8dbe869c19d1a57279a7133fd0,dataset/images/field/prunus_virginiana/13002169499916.jpg,field,dataset/images/field/prunus_virginiana/13002175694668.jpg,prunus_virginiana,field
9aec5c772b25ef2c41bb48785d49aa1bb98d01c9808c3e872a560946b7cc7490,dataset/images/field/prunus_virginiana/13002169496611.jpg,field,dataset/images/field/prunus_virginiana/13002175697114.jpg,prunus_virginiana,field
6eb1a547837eaf6c798e6d211a17f25904ed370e36f0ae413189ba0f039d6439,dataset/images/field/prunus_virginiana/13002169497996.jpg,field,dataset/images/field/prunus_virginiana/13002175696081.jpg,prunus_virginiana,field
f167eac43f54cbb75226ace539b3ef155ba47cb55bba5784fc5e9479265113c2,dataset/images/field/prunus_virginiana/13002169495658.jpg,field,dataset/images/field/prunus_virginiana/13002175698588.jpg,prunus_virginiana,field
c65c6bc4fc8a1eb8bb5a31139c5177395f6655fb25207bdadcd77ae0a081c7a7,dataset/images/field/prunus_virginiana/13002169493527.jpg,field,dataset/images/field/prunus_virginiana/13002175692698.jpg,prunus_virginiana,field
3bb93055e108dab96ce3938691d9d37b4a40e4fc1924e3eb04e7cb897aa1491f,dataset/images/field/prunus_virginiana/13002169497316.jpg,field,dataset/images/field/prunus_virginiana/13002175696254.jpg,prunus_virginiana,field
fbc5f1500a828493926192debaa366cfd8e95777d403ad1ff659ed9af622fdcd,dataset/images/field/prunus_virginiana/13002169491577.jpg,field,dataset/images/field/prunus_virginiana/13002175695311.jpg,prunus_virginiana,field
a4040da5c10551811be14b2f63b77e9d4e12dbfd661f7be36fea384f7f8e65c3,dataset/images/field/prunus_virginiana/13002169496658.jpg,field,dataset/images/field/prunus_virginiana/13002175698131.jpg,prunus_virginiana,field
8903f7d1fdbae6c485e45ed422eebbe94659c20e3a5c9ec515da834b77c9bdb6,dataset/images/field/prunus_virginiana/13002169491001.jpg,field,dataset/images/field/prunus_virginiana/13002175693749.jpg,prunus_virginiana,field
451717b97cda732ec96091c9e9432bea9bef9cd6034a4b69e733a1d373607f25,dataset/images/field/prunus_virginiana/13002169498686.jpg,field,dataset/images/field/prunus_virginiana/13002175698667.jpg,prunus_virginiana,field
14296c5b0afda94927a45ba0cb0db69a4ea9f32036d269401c256478eefd4fd8,dataset/images/field/prunus_virginiana/13002169495674.jpg,field,dataset/images/field/prunus_virginiana/13002175691620.jpg,prunus_virginiana,field
f207190664561414d5eeaa14d23737ae06489f23615c16308f6bf77b9d50daaf,dataset/images/field/prunus_virginiana/13002169496510.jpg,field,dataset/images/field/prunus_virginiana/13002175699762.jpg,prunus_virginiana,field
d3bdc68773d7b1c6158560484d5c3ad40546826c25ddd70afca472f2b872dad6,dataset/images/field/prunus_virginiana/13002169494319.jpg,field,dataset/images/field/prunus_virginiana/13002175692811.jpg,prunus_virginiana,field
57bd163206ffd51c67bf4d7596a71e8c82c42ab2f1e8b286fdec4bd46328b9c6,dataset/images/field/prunus_virginiana/13002169492858.jpg,field,dataset/images/field/prunus_virginiana/13002175698423.jpg,prunus_virginiana,field
4077472a65006d35714511e7252972e17516985c6ef78f4c2a32b09d8364954b,dataset/images/field/prunus_virginiana/13002169492344.jpg,field,dataset/images/field/prunus_virginiana/13002175690106.jpg,prunus_virginiana,field
f554b75e527b13bc6f8a21f8ebd77cdabc2a5ef58702f90edbf69186fb8c6678,dataset/images/field/prunus_virginiana/13002169495133.jpg,field,dataset/images/field/prunus_virginiana/13002175691128.jpg,prunus_virginiana,field
3269a7a36c750d0f1f0ac1bcf598438c95b54ed9323d25fa3c4cfd1d3fcf6c14,dataset/images/field/prunus_virginiana/13002169498562.jpg,field,dataset/images/field/prunus_virginiana/13002175694877.jpg,prunus_virginiana,field
bde575b6d27fb9b7d8f4492e415d6d9b3d6f5c2172f94a91a8cffdc3d4fb94b3,dataset/images/field/prunus_virginiana/13002169497118.jpg,field,dataset/images/field/prunus_virginiana/13002175690222.jpg,prunus_virginiana,field
34513948874ba098b365e14b59f1c53f71bcf61ba33c505bc2df7829701b917d,dataset/images/field/prunus_virginiana/13002169491554.jpg,field,dataset/images/field/prunus_virginiana/13002175696120.jpg,prunus_virginiana,field
8d6b2c52c5a0f041b5e5f54500735947b8ab64161283869d5fa93d113262f051,dataset/images/field/prunus_virginiana/13002169497528.jpg,field,dataset/images/field/prunus_virginiana/13002175691627.jpg,prunus_virginiana,field
a11a3257e81e3127df021ad1d2e92f6e6aeac9c75c57741d81d5457db0b5491a,dataset/images/field/prunus_virginiana/13002169498911.jpg,field,dataset/images/field/prunus_virginiana/13002175690141.jpg,prunus_virginiana,field
580df7558ad6028629ef9dfbb3846f83cf1b7e5ff766e54af3b28c36c6463e4f,dataset/images/field/prunus_virginiana/13002169495097.jpg,field,dataset/images/field/prunus_virginiana/13002175694937.jpg,prunus_virginiana,field
83a900d334ccad958ba4b61bbc5e44f7de11faa4e44288f1a953297bca69c7bc,dataset/images/field/prunus_virginiana/13002169497262.jpg,field,dataset/images/field/prunus_virginiana/13002175693666.jpg,prunus_virginiana,field
5a1739e1d171d0793049c605cde6c84f42e7c4c9b13e6b47e336fa4964e9de42,dataset/images/field/prunus_virginiana/13002169490331.jpg,field,dataset/images/field/prunus_virginiana/13002175693409.jpg,prunus_virginiana,field
9aacccba562e813463f23719a2d9e2fac50ae16503535df4eb3e7525a7ab8e8e,dataset/images/field/prunus_virginiana/13002169499640.jpg,field,dataset/images/field/prunus_virginiana/13002175696832.jpg,prunus_virginiana,field
f56ee898c7a2a930f77a52e6245140abdc6ede3bde075ce78659210290b4538a,dataset/images/field/prunus_virginiana/13002169496385.jpg,field,dataset/images/field/prunus_virginiana/13002175690418.jpg,prunus_virginiana,field
4374c815f3984fa566c4934a02dc01f3a7021ec8ccbfd6013673f233c0bb7cfc,dataset/images/field/prunus_virginiana/13002169494091.jpg,field,dataset/images/field/prunus_virginiana/13002175696625.jpg,prunus_virginiana,field
c273fce2fc72883c6ecd471b12fc25e4738a9572fcc21e64195203f6ef0826be,dataset/images/field/prunus_virginiana/13002169492013.jpg,field,dataset/images/field/prunus_virginiana/13002175698843.jpg,prunus_virginiana,field
ce2fa73e97be4394a0cea1d2055d8150cec2ddccf036819eb35192d84f4a521e,dataset/images/field/cryptomeria_japonica/13001326971057.jpg,field,dataset/images/field/cryptomeria_japonica/13001917803601.jpg,cryptomeria_japonica,field
967716a39d2879bc20dfb5b21ebe305c883aa0d797d9cde3fe2ca9e30820388a,dataset/images/field/cryptomeria_japonica/13001326973004.jpg,field,dataset/images/field/cryptomeria_japonica/13001917807803.jpg,cryptomeria_japonica,field
e01c14a4416e30319d9431b68cb120ac0c88f20155024981978b5b0c68305101,dataset/images/field/cryptomeria_japonica/13001326978680.jpg,field,dataset/images/field/cryptomeria_japonica/13001917809682.jpg,cryptomeria_japonica,field
5945c94e881f0a51dc274fef61eeb1b7d875eb554018344c46f87202821c5bb4,dataset/images/field/cryptomeria_japonica/13001326971497.jpg,field,dataset/images/field/cryptomeria_japonica/13001917800032.jpg,cryptomeria_japonica,field
f269bc807e345d41ab3020e9b044a8eb42e1a8f9990f37029aa6f40fea12ee12,dataset/images/field/cryptomeria_japonica/13001326976457.jpg,field,dataset/images/field/cryptomeria_japonica/13001917804767.jpg,cryptomeria_japonica,field
0db683d23727be0c5a1df3a0c3797a6f62190852ee74ec90010a58a8d950120b,dataset/images/field/cryptomeria_japonica/13001326978610.jpg,field,dataset/images/field/cryptomeria_japonica/13001917802016.jpg,cryptomeria_japonica,field
cb2bdbcc36adb69518eef58cf10d311f8a32f0a04626846f24ba9e99bd6fdd0e,dataset/images/field/cryptomeria_japonica/13001326973764.jpg,field,dataset/images/field/cryptomeria_japonica/13001917800047.jpg,cryptomeria_japonica,field
6c028cfe0cb3bd5d9b6545eb4611ec9ba04c92a4e3df199ddbdf547d60c1abce,dataset/images/field/cryptomeria_japonica/13001326977024.jpg,field,dataset/images/field/cryptomeria_japonica/13001917802623.jpg,cryptomeria_japonica,field
3a77f0b741cb50a417913e34d65d5c632d6b8789c5214cb42bdef50b6e5830cd,dataset/images/field/cryptomeria_japonica/13001326979444.jpg,field,dataset/images/field/cryptomeria_japonica/13001917808311.jpg,cryptomeria_japonica,field
7dd10a59436d616976d0fe38413fb05b96ecd647196ddd409ffa07dcd1dc7bc6,dataset/images/field/cryptomeria_japonica/13001326971587.jpg,field,dataset/images/field/cryptomeria_japonica/13001917808065.jpg,cryptomeria_japonica,field
db4b35bf1c90ff5d863a81473578ddb084aab1e8548033b70e26ba4c59793787,dataset/images/field/cryptomeria_japonica/13001326973903.jpg,field,dataset/images/field/cryptomeria_japonica/13001917801181.jpg,cryptomeria_japonica,field
42c19f8a43e61b1d25762af2ebf921a312b722b773c77208b7705a8c2abfed24,dataset/images/field/cryptomeria_japonica/13001326975409.jpg,field,dataset/images/field/cryptomeria_japonica/13001917800364.jpg,cryptomeria_japonica,field
7dd02e11c054bfa8cba403ebbdab793d9cba240e6e2a777d8222fcfe533d9e4e,dataset/images/field/cryptomeria_japonica/13001326971295.jpg,field,dataset/images/field/cryptomeria_japonica/13001917807400.jpg,cryptomeria_japonica,field
84b0b5ba71ad596a41e0db289704cf77fee9db5e24414e824da050f2db2e70f3,dataset/images/field/cryptomeria_japonica/13001326973668.jpg,field,dataset/images/field/cryptomeria_japonica/13001917808101.jpg,cryptomeria_japonica,field
f4548e3b070f53ec19768cc6102c00e7b6ffb2cdac7a40b959e9788ed6fa5329,dataset/images/field/cryptomeria_japonica/13001326977638.jpg,field,dataset/images/field/cryptomeria_japonica/13001917803465.jpg,cryptomeria_japonica,field
373a8331120683e1dd49ccdb12c3bcb8530107f2d588c56fb8758fa5650d5d43,dataset/images/field/cryptomeria_japonica/13001326970283.jpg,field,dataset/images/field/cryptomeria_japonica/13001917803311.jpg,cryptomeria_japonica,field
485a100fc8485d0dc94ca298dfb198d7cd5f0decf5cc9e515793d146b35f6066,dataset/images/field/cryptomeria_japonica/13001326976939.jpg,field,dataset/images/field/cryptomeria_japonica/13001917801253.jpg,cryptomeria_japonica,field
a4ccfe0d4b7976a359283033a29af1bc04363ea43a9472134827a61b0393520b,dataset/images/field/cryptomeria_japonica/13001326977294.jpg,field,dataset/images/field/cryptomeria_japonica/13001917805709.jpg,cryptomeria_japonica,field
ca406840c1db9ac8404bf2c3aa1f018259d3bff8c6e8f47f70d1e9e3c4b6d17f,dataset/images/field/cryptomeria_japonica/13001326971707.jpg,field,dataset/images/field/cryptomeria_japonica/13001917809041.jpg,cryptomeria_japonica,field
33059cace0b5a1e06a7fb542640f1b3d52fed15ab86e42ad7d0dae1507b8bb50,dataset/images/field/cryptomeria_japonica/13001326971667.jpg,field,dataset/images/field/cryptomeria_japonica/13001917803962.jpg,cryptomeria_japonica,field
5e08d1ff5df29b00ffddd81858e5ad795f990f91e09977433fff99f16013c965,dataset/images/field/cryptomeria_japonica/13001326978622.jpg,field,dataset/images/field/cryptomeria_japonica/13001917801604.jpg,cryptomeria_japonica,field
b101a22e9683aa11900fff1a7ac36c2c51f1fca0981f2613b1bb6e15e9a088b3,dataset/images/field/cryptomeria_japonica/13001326972835.jpg,field,dataset/images/field/cryptomeria_japonica/13001917801311.jpg,cryptomeria_japonica,field
4c75646a31b937dd9511f9f92d447f01f314b82ea14d363e5c1155ac18901cb0,dataset/images/field/cryptomeria_japonica/13001326974437.jpg,field,dataset/images/field/cryptomeria_japonica/13001917809022.jpg,cryptomeria_japonica,field
691d29a4c3ac8c4286cde320b9c1fe84ee5371cece1ae52b4ebd32f96919c6b0,dataset/images/field/cryptomeria_japonica/13001326974426.jpg,field,dataset/images/field/cryptomeria_japonica/13001917801035.jpg,cryptomeria_japonica,field
57be1fbe846a72f52bae371395213d35cd429fc7b8479f495373a392ca98b3db,dataset/images/field/cryptomeria_japonica/13001326975512.jpg,field,dataset/images/field/cryptomeria_japonica/13001917806112.jpg,cryptomeria_japonica,field
aedf3875aaea0136d48a351ec2bcb212627903efd01ed2df79d5a5b49d766f3d,dataset/images/field/cryptomeria_japonica/13001326971450.jpg,field,dataset/images/field/cryptomeria_japonica/13001917809891.jpg,cryptomeria_japonica,field
961ffd8cf839eaeb0f97520f2de6dadd086e170da0e7b10e3e11bc32065e8aa7,dataset/images/field/cryptomeria_japonica/13001326978259.jpg,field,dataset/images/field/cryptomeria_japonica/13001917809897.jpg,cryptomeria_japonica,field
71d9f034ff4b1fa44ba63a16f14c9768ef9de674125ad9b280c8a0c0ae3daea3,dataset/images/field/cryptomeria_japonica/13001326975823.jpg,field,dataset/images/field/cryptomeria_japonica/13001917803542.jpg,cryptomeria_japonica,field
e7b71f867e9f3812fa40b30755f6d8de622f5ff06adce695d7b14e2e5202b7e0,dataset/images/field/cryptomeria_japonica/13001326978671.jpg,field,dataset/images/field/cryptomeria_japonica/13001917807776.jpg,cryptomeria_japonica,field
52b3c5e5c93592e07daba836c08da658960924617a6615416237b422260a2082,dataset/images/field/cryptomeria_japonica/13001326978200.jpg,field,dataset/images/field/cryptomeria_japonica/13001917802766.jpg,cryptomeria_japonica,field
fb1b14c1eca0952023d22a89d7b76b5e232c82c0ad498cd30797f657a8ff2181,dataset/images/field/cryptomeria_japonica/13001326977718.jpg,field,dataset/images/field/cryptomeria_japonica/13001917807402.jpg,cryptomeria_japonica,field
3a6cfc4b5ee3d1e267a1bb21a6269f3a8126d5f3585179210001529cd8a9916a,dataset/images/field/cryptomeria_japonica/13001326977407.jpg,field,dataset/images/field/cryptomeria_japonica/13001917802984.jpg,cryptomeria_japonica,field
1ceb65054fa825bda0d981e26445e45903ef905682377bbf6f7867a9370c7866,dataset/images/field/cryptomeria_japonica/13001326975030.jpg,field,dataset/images/field/cryptomeria_japonica/13001917802716.jpg,cryptomeria_japonica,field
5992e31227e1bba759d52398fe29a18db13198aa0bbe9cb228406550957c3660,dataset/images/field/cryptomeria_japonica/13001326970917.jpg,field,dataset/images/field/cryptomeria_japonica/13001917806694.jpg,cryptomeria_japonica,field
dd71ef3d2a8613996f329d56114c7e813c0ee55005fb666555c7a520f15b230b,dataset/images/field/cryptomeria_japonica/13001326974310.jpg,field,dataset/images/field/cryptomeria_japonica/13001917802551.jpg,cryptomeria_japonica,field
565ff93a0e514b50ed516f44997dd3bd7a7bb366e98656b4ac25c61f6f8eea2a,dataset/images/field/cryptomeria_japonica/13001326978478.jpg,field,dataset/images/field/cryptomeria_japonica/13001917800676.jpg,cryptomeria_japonica,field
1ea62e567ac2f18e290ad3320c1c8e08a7b18800d3af2469160cea28e9c9be69,dataset/images/field/cryptomeria_japonica/13001326978480.jpg,field,dataset/images/field/cryptomeria_japonica/13001917803989.jpg,cryptomeria_japonica,field
c7a94f355e6d9c3e85b2992634ab6084692b018e9409f91e10b4d2fab2310cb2,dataset/images/field/cryptomeria_japonica/13001326979187.jpg,field,dataset/images/field/cryptomeria_japonica/13001917802115.jpg,cryptomeria_japonica,field
31ee8401dfd3cf300bd107f9a8a7b9edff0bef6315487efa159254df368050ed,dataset/images/field/cryptomeria_japonica/13001326978663.jpg,field,dataset/images/field/cryptomeria_japonica/13001917809667.jpg,cryptomeria_japonica,field
8feb90d136797f589a5b034f60da865f923b2d58e349e6259577f49f50db7f29,dataset/images/field/cryptomeria_japonica/13001326977343.jpg,field,dataset/images/field/cryptomeria_japonica/13001917801241.jpg,cryptomeria_japonica,field
77676a691253cccdeb4b27b9bddd1f07c0f7fff61d57bdb6a9e317717890d11f,dataset/images/field/cryptomeria_japonica/13001326973998.jpg,field,dataset/images/field/cryptomeria_japonica/13001917800587.jpg,cryptomeria_japonica,field
fd2177d457a28576f5ee716f51f16d1ab112814d487ca0c5b5fb20dd46a33451,dataset/images/field/cryptomeria_japonica/13001326977274.jpg,field,dataset/images/field/cryptomeria_japonica/13001917807944.jpg,cryptomeria_japonica,field
081cd46c9047f5268a8e419bff73834396c77d72e7dfeb9d5b6b7a727a5c3f72,dataset/images/field/cryptomeria_japonica/13001326978781.jpg,field,dataset/images/field/cryptomeria_japonica/13001917802208.jpg,cryptomeria_japonica,field
fab0a81aaba6792a9654a3c79d0684b57e7523d65a9eed259b46e5e7ea424157,dataset/images/field/cryptomeria_japonica/13001326972237.jpg,field,dataset/images/field/cryptomeria_japonica/13001917801683.jpg,cryptomeria_japonica,field
b6abc9dbe49be5d5507e8841d53eb6ca9011cd33e0e959cc48167f029b2324ad,dataset/images/field/cryptomeria_japonica/13001326979191.jpg,field,dataset/images/field/cryptomeria_japonica/13001917808383.jpg,cryptomeria_japonica,field
ad129e3cfa9e2845a22002f58ab95a9f190a2d865e4b52ea1524b9e48636e4cb,dataset/images/field/cryptomeria_japonica/13001326978030.jpg,field,dataset/images/field/cryptomeria_japonica/13001917803767.jpg,cryptomeria_japonica,field
d9523faa599f8360abed61ba8f6b71edcddf10312ca316be4d63ca20e6d2df97,dataset/images/field/cryptomeria_japonica/13001326972313.jpg,field,dataset/images/field/cryptomeria_japonica/13001917808557.jpg,cryptomeria_japonica,field
34bcf401ef8ac4b2ac149a880324103bf2e7c84df3737ca1601d83ef230d9f3a,dataset/images/field/cryptomeria_japonica/13001326976567.jpg,field,dataset/images/field/cryptomeria_japonica/13001917808346.jpg,cryptomeria_japonica,field
0e4e511f3842873e9a8cf8704c2bc4aaaaabcc1fafbad736b7f9ae9e66e9efe9,dataset/images/field/cryptomeria_japonica/13001326979759.jpg,field,dataset/images/field/cryptomeria_japonica/13001917803486.jpg,cryptomeria_japonica,field
2df663f6b002348a2a1dd4156b77ccac8552dd4853733c4fb7ff940b33f23ef2,dataset/images/field/cryptomeria_japonica/13001326978044.jpg,field,dataset/images/field/cryptomeria_japonica/13001917806343.jpg,cryptomeria_japonica,field
e3c8a2e49e49bb017db749b87cf0077e1035196c278667eb506833bb2c482da6,dataset/images/field/cryptomeria_japonica/13001326971421.jpg,field,dataset/images/field/cryptomeria_japonica/13001917807978.jpg,cryptomeria_japonica,field
6340c71e1eed1558ec0e9591e8561acea6ec77be0e65a7a7b6fe39ad1c43a23b,dataset/images/field/cryptomeria_japonica/13001326970424.jpg,field,dataset/images/field/cryptomeria_japonica/13001917806254.jpg,cryptomeria_japonica,field
34ba0df82c4bfada9906db3ec3872cff9d598cf152bc37ace5592ca5e70bf056,dataset/images/field/cryptomeria_japonica/13001326970622.jpg,field,dataset/images/field/cryptomeria_japonica/13001917800321.jpg,cryptomeria_japonica,field
edd0e33a32ba3bd8df94b407100878f483469b6193cb00afd7d133a3e94580e5,dataset/images/field/cryptomeria_japonica/13001326979935.jpg,field,dataset/images/field/cryptomeria_japonica/13001917805877.jpg,cryptomeria_japonica,field
95f1a15c4b5e5497c9024d5efa7ec4c82a045ac40c2ea7ca79f71622ec5333db,dataset/images/field/cryptomeria_japonica/13001326977692.jpg,field,dataset/images/field/cryptomeria_japonica/13001917807444.jpg,cryptomeria_japonica,field
b2ad80574c5f771b99de0d83a7ce0d7087c030234351ede4cd2e0ab8e33a1ac0,dataset/images/field/cryptomeria_japonica/13001326976073.jpg,field,dataset/images/field/cryptomeria_japonica/13001917800354.jpg,cryptomeria_japonica,field
c01c90efba18ed9a9a871166dca0370c62c3b6f1be988abbc7bf6ce83443c071,dataset/images/field/cryptomeria_japonica/13001326974144.jpg,field,dataset/images/field/cryptomeria_japonica/13001917808846.jpg,cryptomeria_japonica,field
dbca4029eab5662d4b042f1eb903422de8f56aab5fdee19d5a13c9867b06e41d,dataset/images/field/cryptomeria_japonica/13001326975509.jpg,field,dataset/images/field/cryptomeria_japonica/13001917807235.jpg,cryptomeria_japonica,field
911b1596af75f345c4f4d4e3d992b6d3c8515b7a5ebfae9d3caa5c131ce99a80,dataset/images/field/cryptomeria_japonica/13001326974334.jpg,field,dataset/images/field/cryptomeria_japonica/13001917804841.jpg,cryptomeria_japonica,field
df2301b783d6134700c50f90266484402bff7d520c655361832fc9a7b5dabc52,dataset/images/field/cryptomeria_japonica/13001326977297.jpg,field,dataset/images/field/cryptomeria_japonica/13001917800631.jpg,cryptomeria_japonica,field
8a155c894ea2f30d02d2578436dbf05296b9dc088dbf5f7913f6f1ca75614fd8,dataset/images/field/cryptomeria_japonica/13001326971415.jpg,field,dataset/images/field/cryptomeria_japonica/13001917803419.jpg,cryptomeria_japonica,field
40ef49bb255b536144cef87defb65c301c7095759cf3457fb5b4f64b0070a345,dataset/images/field/cryptomeria_japonica/13001326970053.jpg,field,dataset/images/field/cryptomeria_japonica/13001917803314.jpg,cryptomeria_japonica,field
eca62f67406cec6ac850f2f4439f03dd54c39064618b8dd1a17a63d327d33982,dataset/images/field/cryptomeria_japonica/13001326973038.jpg,field,dataset/images/field/cryptomeria_japonica/13001917801379.jpg,cryptomeria_japonica,field
ba24c9c0997741e73c114784917cd05580cc9cb4d8c56322572c9b1884b15207,dataset/images/field/cryptomeria_japonica/13001326972942.jpg,field,dataset/images/field/cryptomeria_japonica/13001917802887.jpg,cryptomeria_japonica,field
d226c2be904a3db55d0865989dd9563a429b705dd5c36fd910116a516be11076,dataset/images/field/cryptomeria_japonica/13001326970558.jpg,field,dataset/images/field/cryptomeria_japonica/13001917809321.jpg,cryptomeria_japonica,field
4c3a3f91b71f382c0dbb8f82cb1ec80bcf592f24239c5747ed8f6ed9fd9d5625,dataset/images/field/cryptomeria_japonica/13001326970855.jpg,field,dataset/images/field/cryptomeria_japonica/13001917807853.jpg,cryptomeria_japonica,field
