model,class_idx,class_name,precision,recall,f1,support
Baseline-CustomCNN,0,abies_concolor,1.0,1.0,1.0,37
Baseline-CustomCNN,1,acer_negundo,0.9375,0.9375,0.9375,32
Baseline-CustomCNN,2,acer_palmatum,0.8333333333333334,1.0,0.9090909090909091,30
Baseline-CustomCNN,3,acer_rubrum,0.851063829787234,0.8695652173913043,0.8602150537634409,46
Baseline-CustomCNN,4,aesculus_pavi,0.9230769230769231,0.7058823529411765,0.8000000000000002,34
Baseline-CustomCNN,5,asimina_triloba,0.8181818181818182,0.6923076923076923,0.7500000000000001,39
Baseline-CustomCNN,6,broussonettia_papyrifera,0.9166666666666666,0.75,0.8250000000000001,44
Baseline-CustomCNN,7,carya_cordiformis,0.9259259259259259,0.8333333333333334,0.8771929824561403,30
Baseline-CustomCNN,8,catalpa_bignonioides,0.875,0.6774193548387096,0.7636363636363636,31
Baseline-CustomCNN,9,cercis_canadensis,0.8571428571428571,1.0,0.923076923076923,30
Baseline-CustomCNN,10,chionanthus_virginicus,0.85,0.5,0.6296296296296295,34
Baseline-CustomCNN,11,cryptomeria_japonica,1.0,1.0,1.0,23
Baseline-CustomCNN,12,diospyros_virginiana,0.603448275862069,0.9210526315789473,0.7291666666666666,38
Baseline-CustomCNN,13,fraxinus_nigra,0.7096774193548387,0.7586206896551724,0.7333333333333333,29
Baseline-CustomCNN,14,gleditsia_triacanthos,1.0,1.0,1.0,30
Baseline-CustomCNN,15,ilex_opaca,0.7954545454545454,0.9722222222222222,0.875,36
Baseline-CustomCNN,16,juglans_cinerea,0.7714285714285715,0.84375,0.8059701492537314,32
Baseline-CustomCNN,17,liriodendron_tulipifera,0.8571428571428571,0.8823529411764706,0.8695652173913043,34
Baseline-CustomCNN,18,maclura_pomifera,0.6744186046511628,0.8529411764705882,0.7532467532467532,34
Baseline-CustomCNN,19,ostrya_virginiana,0.5769230769230769,0.4838709677419355,0.5263157894736842,31
Baseline-CustomCNN,20,prunus_sargentii,0.9,0.8181818181818182,0.8571428571428572,22
Baseline-CustomCNN,21,prunus_virginiana,0.717391304347826,0.8918918918918919,0.7951807228915664,37
Baseline-CustomCNN,22,ptelea_trifoliata,1.0,0.8974358974358975,0.945945945945946,39
Baseline-CustomCNN,23,quercus_montana,1.0,0.8823529411764706,0.9375,34
Baseline-CustomCNN,24,quercus_muehlenbergii,1.0,1.0,1.0,16
Baseline-CustomCNN,25,staphylea_trifolia,0.7837837837837838,0.90625,0.8405797101449275,32
Baseline-CustomCNN,26,styrax_japonica,0.65625,0.5833333333333334,0.6176470588235293,36
Baseline-CustomCNN,27,ulmus_americana,0.4074074074074074,0.34375,0.37288135593220334,32
Baseline-CustomCNN,28,ulmus_pumila,0.6097560975609756,0.8333333333333334,0.7042253521126761,30
Baseline-CustomCNN,29,ulmus_rubra,0.6923076923076923,0.5510204081632653,0.6136363636363635,49
MobileNetV2-Partial,0,abies_concolor,1.0,1.0,1.0,37
MobileNetV2-Partial,1,acer_negundo,0.9142857142857143,1.0,0.955223880597015,32
MobileNetV2-Partial,2,acer_palmatum,0.967741935483871,1.0,0.9836065573770492,30
MobileNetV2-Partial,3,acer_rubrum,0.9574468085106383,0.9782608695652174,0.967741935483871,46
MobileNetV2-Partial,4,aesculus_pavi,1.0,0.9411764705882353,0.9696969696969697,34
MobileNetV2-Partial,5,asimina_triloba,1.0,0.8974358974358975,0.945945945945946,39
MobileNetV2-Partial,6,broussonettia_papyrifera,0.9772727272727273,0.9772727272727273,0.9772727272727273,44
MobileNetV2-Partial,7,carya_cordiformis,0.9354838709677419,0.9666666666666667,0.9508196721311476,30
MobileNetV2-Partial,8,catalpa_bignonioides,1.0,0.9354838709677419,0.9666666666666666,31
MobileNetV2-Partial,9,cercis_canadensis,1.0,1.0,1.0,30
MobileNetV2-Partial,10,chionanthus_virginicus,0.8378378378378378,0.9117647058823529,0.8732394366197184,34
MobileNetV2-Partial,11,cryptomeria_japonica,1.0,1.0,1.0,23
MobileNetV2-Partial,12,diospyros_virginiana,0.775,0.8157894736842105,0.7948717948717949,38
MobileNetV2-Partial,13,fraxinus_nigra,0.9,0.9310344827586207,0.9152542372881356,29
MobileNetV2-Partial,14,gleditsia_triacanthos,1.0,1.0,1.0,30
MobileNetV2-Partial,15,ilex_opaca,1.0,1.0,1.0,36
MobileNetV2-Partial,16,juglans_cinerea,0.9375,0.9375,0.9375,32
MobileNetV2-Partial,17,liriodendron_tulipifera,1.0,0.9705882352941176,0.9850746268656716,34
MobileNetV2-Partial,18,maclura_pomifera,0.9375,0.8823529411764706,0.9090909090909091,34
MobileNetV2-Partial,19,ostrya_virginiana,0.8055555555555556,0.9354838709677419,0.8656716417910448,31
MobileNetV2-Partial,20,prunus_sargentii,0.9130434782608695,0.9545454545454546,0.9333333333333332,22
MobileNetV2-Partial,21,prunus_virginiana,1.0,1.0,1.0,37
MobileNetV2-Partial,22,ptelea_trifoliata,1.0,0.9487179487179487,0.9736842105263158,39
MobileNetV2-Partial,23,quercus_montana,1.0,0.9411764705882353,0.9696969696969697,34
MobileNetV2-Partial,24,quercus_muehlenbergii,0.9411764705882353,1.0,0.9696969696969697,16
MobileNetV2-Partial,25,staphylea_trifolia,0.9411764705882353,1.0,0.9696969696969697,32
MobileNetV2-Partial,26,styrax_japonica,0.9166666666666666,0.9166666666666666,0.9166666666666666,36
MobileNetV2-Partial,27,ulmus_americana,0.9565217391304348,0.6875,0.8,32
MobileNetV2-Partial,28,ulmus_pumila,0.7567567567567568,0.9333333333333333,0.835820895522388,30
MobileNetV2-Partial,29,ulmus_rubra,0.8666666666666667,0.7959183673469388,0.8297872340425533,49
ResNet18-Layer4,0,abies_concolor,1.0,1.0,1.0,37
ResNet18-Layer4,1,acer_negundo,1.0,1.0,1.0,32
ResNet18-Layer4,2,acer_palmatum,0.967741935483871,1.0,0.9836065573770492,30
ResNet18-Layer4,3,acer_rubrum,1.0,1.0,1.0,46
ResNet18-Layer4,4,aesculus_pavi,0.9705882352941176,0.9705882352941176,0.9705882352941176,34
ResNet18-Layer4,5,asimina_triloba,1.0,0.9230769230769231,0.9600000000000001,39
ResNet18-Layer4,6,broussonettia_papyrifera,0.9565217391304348,1.0,0.9777777777777777,44
ResNet18-Layer4,7,carya_cordiformis,1.0,1.0,1.0,30
ResNet18-Layer4,8,catalpa_bignonioides,1.0,0.967741935483871,0.9836065573770492,31
ResNet18-Layer4,9,cercis_canadensis,0.967741935483871,1.0,0.9836065573770492,30
ResNet18-Layer4,10,chionanthus_virginicus,0.9705882352941176,0.9705882352941176,0.9705882352941176,34
ResNet18-Layer4,11,cryptomeria_japonica,1.0,1.0,1.0,23
ResNet18-Layer4,12,diospyros_virginiana,0.8809523809523809,0.9736842105263158,0.925,38
ResNet18-Layer4,13,fraxinus_nigra,1.0,0.9655172413793104,0.9824561403508771,29
ResNet18-Layer4,14,gleditsia_triacanthos,1.0,1.0,1.0,30
ResNet18-Layer4,15,ilex_opaca,0.972972972972973,1.0,0.9863013698630138,36
ResNet18-Layer4,16,juglans_cinerea,0.96875,0.96875,0.96875,32
ResNet18-Layer4,17,liriodendron_tulipifera,0.9705882352941176,0.9705882352941176,0.9705882352941176,34
ResNet18-Layer4,18,maclura_pomifera,0.9696969696969697,0.9411764705882353,0.955223880597015,34
ResNet18-Layer4,19,ostrya_virginiana,0.8611111111111112,1.0,0.9253731343283582,31
ResNet18-Layer4,20,prunus_sargentii,1.0,0.9545454545454546,0.9767441860465117,22
ResNet18-Layer4,21,prunus_virginiana,1.0,1.0,1.0,37
ResNet18-Layer4,22,ptelea_trifoliata,1.0,0.9743589743589743,0.9870129870129869,39
ResNet18-Layer4,23,quercus_montana,1.0,1.0,1.0,34
ResNet18-Layer4,24,quercus_muehlenbergii,1.0,1.0,1.0,16
ResNet18-Layer4,25,staphylea_trifolia,1.0,0.9375,0.967741935483871,32
ResNet18-Layer4,26,styrax_japonica,0.918918918918919,0.9444444444444444,0.9315068493150684,36
ResNet18-Layer4,27,ulmus_americana,0.8709677419354839,0.84375,0.8571428571428571,32
ResNet18-Layer4,28,ulmus_pumila,0.9666666666666667,0.9666666666666667,0.9666666666666667,30
ResNet18-Layer4,29,ulmus_rubra,0.9777777777777777,0.8979591836734694,0.9361702127659575,49
